x,a,b,rrate,t,Time
-2.2886316017310246,0.6,5.5,-10.213503825325748,0.0,0
-2.2886316017310246,0.6024024024024024,5.4974974974974975,-10.21600632782825,0.01,1
-2.2885503046438944,0.6048048048048048,5.494994994994995,-10.217392495661992,0.02,2
-2.2883960173658844,0.6072072072072072,5.4924924924924925,-10.21777650439563,0.03,3
-2.2881762013987124,0.6096096096096096,5.48998998998999,-10.21726099595233,0.04,4
-2.287897556727973,0.6120120120120119,5.4874874874874875,-10.215938202758,0.05,5
-2.2875660978632593,0.6144144144144144,5.484984984984985,-10.213890971295031,0.06,6
-2.2871872226680323,0.6168168168168168,5.4824824824824825,-10.211193692125239,0.07,7
-2.286765774580042,0.6192192192192192,5.47997997997998,-10.207913143391997,0.08,8
-2.2863060987912145,0.6216216216216216,5.4774774774774775,-10.204109254632233,0.09,9
-2.2858120929213284,0.624024024024024,5.474974974974975,-10.199835797461176,0.1,10
-2.285287252683856,0.6264264264264264,5.4724724724724725,-10.195141009365507,0.11,11
-2.284734713006231,0.6288288288288288,5.46996996996997,-10.190068156477025,0.12,12
-2.284157285031215,0.6312312312312313,5.4674674674674675,-10.184656040816048,0.13,13
-2.283557489391592,0.6336336336336336,5.464964964964965,-10.17893945710433,0.14,14
-2.2829375861175314,0.636036036036036,5.4624624624624625,-10.172949603861962,0.15,15
-2.282299601504796,0.6384384384384384,5.45995995995996,-10.16671445312689,0.16,16
-2.281645352242788,0.6408408408408408,5.4574574574574575,-10.160259082775891,0.17,17
-2.2809764670741894,0.6432432432432432,5.454954954954955,-10.153605975083797,0.18,18
-2.280294406232737,0.6456456456456456,5.4524524524524525,-10.14677528483648,0.19,19
-2.2796004788824185,0.648048048048048,5.44994994994995,-10.139785080012906,0.2,20
-2.2788958587600048,0.6504504504504505,5.4474474474474475,-10.132651557773052,0.21,21
-2.2781815982032816,0.6528528528528528,5.444944944944945,-10.12538923823123,0.22,22
-2.2774586407294968,0.6552552552552552,5.4424424424424425,-10.118011138257899,0.23,23
-2.2767278323122917,0.6576576576576576,5.43993993993994,-10.11052892733634,0.24,24
-2.275989931490621,0.66006006006006,5.4374374374374375,-10.102953067302611,0.25,25
-2.275245618429796,0.6624624624624624,5.434934934934935,-10.095292937617016,0.26,26
-2.274495503042655,0.6648648648648648,5.4324324324324325,-10.087556947651347,0.27,27
-2.273740132267945,0.6672672672672673,5.42992992992993,-10.07975263732763,0.28,28
-2.2729799965930844,0.6696696696696697,5.4274274274274275,-10.071886767309465,0.29,29
-2.2722155358995924,0.6720720720720721,5.424924924924925,-10.06396539982549,0.3,30
-2.2714471447014293,0.6744744744744744,5.4224224224224224,-10.055993971094406,0.31,31
-2.27067517683927,0.6768768768768768,5.41991991991992,-10.047977356222233,0.32,32
-2.2698999496872374,0.6792792792792792,5.4174174174174174,-10.039919927352951,0.33,33
-2.2691217479227737,0.6816816816816816,5.414914914914915,-10.031825605773394,0.34,34
-2.2683408269050926,0.684084084084084,5.412412412412412,-10.023697908601026,0.35000000000000003,35
-2.2675574157029286,0.6864864864864865,5.40990990990991,-10.015539990618123,0.36,36
-2.266771719808086,0.6888888888888889,5.407407407407407,-10.007354681757715,0.37,37
-2.2659839235674846,0.6912912912912913,5.404904904904905,-9.99914452069397,0.38,38
-2.2651941923630075,0.6936936936936937,5.402402402402402,-9.990911784942892,0.39,39
-2.2644026745653907,0.696096096096096,5.3998998998999,-9.982658517836784,0.4,40
-2.263609503285679,0.6984984984984984,5.397397397397397,-9.97438655269832,0.41000000000000003,41
-2.262814797945306,0.7009009009009008,5.394894894894895,-9.966097534505872,0.42,42
-2.2620186656836614,0.7033033033033033,5.392392392392392,-9.957792939311485,0.43,43
-2.2612212026200575,0.7057057057057057,5.38988988988989,-9.949474091645607,0.44,44
-2.2604224949852174,0.7081081081081081,5.387387387387387,-9.941142180118199,0.45,45
-2.259622620135852,0.7105105105105105,5.384884884884885,-9.932798271403952,0.46,46
-2.258821647464468,0.7129129129129129,5.382382382382382,-9.924443322779897,0.47000000000000003,47
-2.2580196392152856,0.7153153153153153,5.37987987987988,-9.916078193365905,0.48,48
-2.257216651216003,0.7177177177177176,5.377377377377377,-9.907703654202983,0.49,49
-2.256412733534147,0.72012012012012,5.374874874874875,-9.899320397290248,0.5,50
-2.255607931065815,0.7225225225225225,5.372372372372372,-9.890929043688647,0.51,51
-2.254802284063825,0.7249249249249249,5.36986986986987,-9.882530150788458,0.52,52
-2.2539958286115382,0.7273273273273273,5.367367367367367,-9.874124218827276,0.53,53
-2.2531885970479806,0.7297297297297297,5.364864864864865,-9.865711696736275,0.54,54
-2.252380618349299,0.7321321321321321,5.362362362362362,-9.857292987384348,0.55,55
-2.251571918471066,0.7345345345345345,5.35985985985986,-9.84886845228257,0.56,56
-2.2507625206554756,0.736936936936937,5.357357357357357,-9.840438415804812,0.5700000000000001,57
-2.249952445707052,0.7393393393393393,5.354854854854855,-9.83200316897458,0.58,58
-2.249141712240126,0.7417417417417417,5.352352352352352,-9.823562972862984,0.59,59
-2.2483303369009775,0.7441441441441441,5.34984984984985,-9.81511806163794,0.6,60
-2.247518334567269,0.7465465465465465,5.347347347347347,-9.806668645300743,0.61,61
-2.246705718527091,0.7489489489489489,5.344844844844845,-9.798214912142152,0.62,62
-2.2458925006397306,0.7513513513513513,5.342342342342342,-9.789757030947005,0.63,63
-2.2450786914800323,0.7537537537537538,5.33983983983984,-9.781295152973241,0.64,64
-2.2442643004680414,0.7561561561561562,5.337337337337337,-9.772829413728584,0.65,65
-2.2434493359854386,0.7585585585585586,5.334834834834835,-9.76435993456568,0.66,66
-2.2426338054801205,0.7609609609609609,5.332332332332332,-9.755886824114409,0.67,67
-2.2418177155601415,0.7633633633633633,5.32982982982983,-9.747410179568044,0.68,68
-2.2410010720781077,0.7657657657657657,5.327327327327327,-9.738930087838359,0.6900000000000001,69
-2.2401838802069953,0.7681681681681681,5.324824824824825,-9.730446626592984,0.7000000000000001,70
-2.2393661445082773,0.7705705705705705,5.322322322322322,-9.721959865187277,0.71,71
-2.238547868993138,0.772972972972973,5.31981981981982,-9.713469865501338,0.72,72
-2.2377290571774853,0.7753753753753754,5.317317317317317,-9.704976682691992,0.73,73
-2.236909712131392,0.7777777777777777,5.314814814814815,-9.696480365868426,0.74,74
-2.236089836523533,0.7801801801801802,5.312312312312312,-9.68798095869921,0.75,75
-2.235269432661131,0.7825825825825825,5.30980980980981,-9.679478499957835,0.76,76
-2.2344485025258645,0.7849849849849849,5.307307307307307,-9.670973024012927,0.77,77
-2.2336270478061513,0.7873873873873873,5.304804804804805,-9.662464561268862,0.78,78
-2.232805069926176,0.7897897897897898,5.302302302302302,-9.653953138561803,0.79,79
-2.231982570071988,0.7921921921921922,5.2997997997998,-9.645438779515674,0.8,80
-2.231159549214976,0.7945945945945946,5.297297297297297,-9.63692150486223,0.81,81
-2.230336008132972,0.796996996996997,5.294794794794795,-9.628401332728766,0.8200000000000001,82
-2.2295119474292395,0.7993993993993993,5.292292292292292,-9.61987827889687,0.8300000000000001,83
-2.2286873675495493,0.8018018018018018,5.28978978978979,-9.61135235703503,0.84,84
-2.2278622687975402,0.8042042042042041,5.287287287287287,-9.60282357890788,0.85,85
-2.227036651348539,0.8066066066066065,5.284784784784785,-9.594291954564358,0.86,86
-2.2262105152619944,0.809009009009009,5.282282282282282,-9.585757492506943,0.87,87
-2.225383860492663,0.8114114114114114,5.27977977977978,-9.577220199843902,0.88,88
-2.224556686900675,0.8138138138138138,5.277277277277277,-9.568680082426248,0.89,89
-2.223728994260596,0.8162162162162162,5.274774774774775,-9.560137144970952,0.9,90
-2.2229007822695754,0.8186186186186186,5.272272272272272,-9.551591391171797,0.91,91
-2.222072050554687,0.8210210210210209,5.26976976976977,-9.543042823799164,0.92,92
-2.2212427986795307,0.8234234234234235,5.267267267267267,-9.534491444789754,0.93,93
-2.220413026150179,0.8258258258258258,5.264764764764765,-9.525937255327422,0.9400000000000001,94
-2.2195827324205277,0.8282282282282282,5.262262262262262,-9.517380255915867,0.9500000000000001,95
-2.218751916897112,0.8306306306306306,5.25975975975976,-9.50882044644407,0.96,96
-2.217920578943447,0.833033033033033,5.257257257257257,-9.500257826245246,0.97,97
-2.217088717883928,0.8354354354354354,5.254754754754755,-9.49169239414984,0.98,98
-2.2162563330073506,0.8378378378378378,5.252252252252252,-9.483124148533314,0.99,99
-2.2154234235700736,0.8402402402402402,5.24974974974975,-9.474553087359087,1.0,100
-2.214589988798871,0.8426426426426425,5.247247247247247,-9.465979208217302,1.01,101
-2.2137560278934982,0.8450450450450451,5.244744744744745,-9.457402508359651,1.02,102
-2.212921540029003,0.8474474474474474,5.242242242242242,-9.44882298473076,1.03,103
-2.2120865243578076,0.8498498498498498,5.23973973973974,-9.440240633996476,1.04,104
-2.2112509800115827,0.8522522522522522,5.237237237237237,-9.431655452569316,1.05,105
-2.210414906102935,0.8546546546546546,5.234734734734735,-9.423067436631408,1.06,106
-2.2095783017269275,0.857057057057057,5.232232232232232,-9.414476582155128,1.07,107
-2.2087411659624467,0.8594594594594595,5.22972972972973,-9.405882884921716,1.08,108
-2.207903497873436,0.8618618618618619,5.227227227227227,-9.397286340538038,1.09,109
-2.2070652965100055,0.8642642642642642,5.224724724724725,-9.388686944451669,1.1,110
-2.2062265609094283,0.8666666666666667,5.222222222222222,-9.380084691964509,1.11,111
-2.2053872900970424,0.869069069069069,5.21971971971972,-9.371479578245008,1.12,112
-2.204547483087058,0.8714714714714714,5.217217217217217,-9.362871598339233,1.1300000000000001,113
-2.2037071388832876,0.8738738738738738,5.214714714714715,-9.354260747180783,1.1400000000000001,114
-2.202866256479799,0.8762762762762762,5.212212212212212,-9.345647019599756,1.1500000000000001,115
-2.2020248348615064,0.8786786786786787,5.20970970970971,-9.337030410330824,1.16,116
-2.2011828730047003,0.881081081081081,5.207207207207207,-9.32841091402047,1.17,117
-2.200340369877524,0.8834834834834835,5.204704704704705,-9.319788525233571,1.18,118
-2.1994973244404017,0.8858858858858858,5.202202202202202,-9.311163238459255,1.19,119
-2.1986537356464244,0.8882882882882883,5.1996996996997,-9.302535048116232,1.2,120
-2.197809602441695,0.8906906906906906,5.197197197197197,-9.293903948557567,1.21,121
-2.19696492376564,0.893093093093093,5.194694694694695,-9.285269934074996,1.22,122
-2.1961196985512856,0.8954954954954955,5.192192192192192,-9.276632998902777,1.23,123
-2.1952739257255094,0.8978978978978979,5.18968968968969,-9.267993137221177,1.24,124
-2.1944276042092636,0.9003003003003003,5.187187187187187,-9.259350343159639,1.25,125
-2.1935807329177752,0.9027027027027026,5.184684684684685,-9.250704610799566,1.26,126
-2.1927333107607243,0.9051051051051051,5.182182182182182,-9.242055934176879,1.27,127
-2.1918853366424056,0.9075075075075074,5.17967967967968,-9.233404307284296,1.28,128
-2.19103680946187,0.9099099099099099,5.177177177177177,-9.224749724073373,1.29,129
-2.1901877281130515,0.9123123123123122,5.174674674674675,-9.216092178456355,1.3,130
-2.1893380914848817,0.9147147147147147,5.172172172172172,-9.20743166430782,1.31,131
-2.1884878984613882,0.9171171171171171,5.16966966966967,-9.19876817546616,1.32,132
-2.187637147921785,0.9195195195195195,5.167167167167167,-9.190101705734918,1.33,133
-2.1867858387405508,0.9219219219219219,5.164664664664665,-9.181432248883977,1.34,134
-2.1859339697874964,0.9243243243243242,5.162162162162162,-9.17275979865061,1.35,135
-2.185081539927828,0.9267267267267267,5.15965965965966,-9.164084348740445,1.36,136
-2.1842285480221975,0.929129129129129,5.157157157157157,-9.155405892828313,1.37,137
-2.18337499292675,0.9315315315315316,5.154654654654655,-9.146724424559,1.3800000000000001,138
-2.182520873493163,0.9339339339339339,5.152152152152152,-9.138039937547926,1.3900000000000001,139
-2.1816661885686806,0.9363363363363363,5.14964964964965,-9.129352425381729,1.4000000000000001,140
-2.1808109369961426,0.9387387387387387,5.147147147147147,-9.120661881618833,1.41,141
-2.179955117614008,0.9411411411411411,5.144644644644645,-9.111968299789863,1.42,142
-2.1790987292563755,0.9435435435435435,5.142142142142142,-9.103271673398112,1.43,143
-2.1782417707529995,0.9459459459459458,5.13963963963964,-9.09457199591985,1.44,144
-2.1773842409293027,0.9483483483483484,5.137137137137137,-9.085869260804692,1.45,145
-2.176526138606386,0.9507507507507507,5.134634634634635,-9.07716346147584,1.46,146
-2.1756674626010346,0.9531531531531532,5.132132132132132,-9.06845459133034,1.47,147
-2.174808211725723,0.9555555555555555,5.12962962962963,-9.05974264373928,1.48,148
-2.173948384788615,0.9579579579579579,5.127127127127127,-9.051027612047957,1.49,149
-2.1730879805935652,0.9603603603603603,5.124624624624625,-9.042309489576033,1.5,150
-2.172226997940116,0.9627627627627627,5.122122122122122,-9.033588269617663,1.51,151
-2.171365435623493,0.9651651651651652,5.11961961961962,-9.024863945441584,1.52,152
-2.1705032924345993,0.9675675675675675,5.117117117117117,-9.016136510291187,1.53,153
-2.1696405671600085,0.96996996996997,5.114614614614615,-9.007405957384597,1.54,154
-2.1687772585819562,0.9723723723723723,5.112112112112112,-8.998672279914686,1.55,155
-2.1679133654783307,0.9747747747747748,5.10960960960961,-8.989935471049137,1.56,156
-2.1670488866226605,0.9771771771771771,5.107107107107107,-8.981195523930431,1.57,157
-2.1661838207841035,0.9795795795795795,5.104604604604605,-8.972452431675848,1.58,158
-2.1653181667274337,0.9819819819819819,5.102102102102102,-8.963706187377461,1.59,159
-2.1644519232130284,0.9843843843843844,5.0995995995996,-8.954956784102134,1.6,160
-2.1635850889968515,0.9867867867867868,5.097097097097097,-8.946204214891445,1.61,161
-2.16271766283044,0.9891891891891891,5.094594594594595,-8.93744847276169,1.62,162
-2.1618496434608874,0.9915915915915916,5.092092092092092,-8.928689550703805,1.6300000000000001,163
-2.1609810296308267,0.9939939939939939,5.08958958958959,-8.919927441683335,1.6400000000000001,164
-2.160111820078414,0.9963963963963964,5.087087087087087,-8.91116213864035,1.6500000000000001,165
-2.15924201353731,0.9987987987987987,5.084584584584585,-8.902393634489384,1.6600000000000001,166
-2.1583716087366613,1.001201201201201,5.082082082082082,-8.893621922119369,1.67,167
-2.157500604401083,1.0036036036036036,5.07957957957958,-8.884846994393538,1.68,168
-2.1566289992506387,1.006006006006006,5.077077077077077,-8.876068844149358,1.69,169
-2.1557567920008207,1.0084084084084084,5.074574574574575,-8.867287464198435,1.7,170
-2.1548839813625302,1.0108108108108107,5.072072072072072,-8.858502847326417,1.71,171
-2.1540105660420577,1.0132132132132132,5.06956956956957,-8.849714986292906,1.72,172
-2.153136544741061,1.0156156156156155,5.067067067067067,-8.840923873831358,1.73,173
-2.152261916156545,1.018018018018018,5.064564564564565,-8.832129502648963,1.74,174
-2.15138667898084,1.0204204204204204,5.062062062062062,-8.823331865426564,1.75,175
-2.15051083190158,1.0228228228228229,5.05955955955956,-8.814530954818519,1.76,176
-2.1496343736016823,1.0252252252252252,5.057057057057057,-8.805726763452633,1.77,177
-2.148757302759322,1.0276276276276275,5.054554554554555,-8.796919283929993,1.78,178
-2.1478796180479125,1.03003003003003,5.052052052052052,-8.788108508824887,1.79,179
-2.1470013181360823,1.0324324324324323,5.04954954954955,-8.779294430684674,1.8,180
-2.1461224016876512,1.0348348348348348,5.047047047047047,-8.770477042029668,1.81,181
-2.145242867361607,1.0372372372372372,5.044544544544545,-8.761656335353004,1.82,182
-2.144362713812083,1.0396396396396397,5.042042042042042,-8.75283230312052,1.83,183
-2.143481939688334,1.042042042042042,5.03953953953954,-8.744004937770644,1.84,184
-2.1426005436347118,1.0444444444444443,5.037037037037037,-8.73517423171425,1.85,185
-2.1417185242906425,1.0468468468468468,5.034534534534535,-8.726340177334528,1.86,186
-2.140835880290601,1.0492492492492493,5.032032032032032,-8.717502766986865,1.87,187
-2.139952610264087,1.0516516516516516,5.02952952952953,-8.708661992998707,1.8800000000000001,188
-2.1390687128356,1.054054054054054,5.027027027027027,-8.699817847669422,1.8900000000000001,189
-2.1381841866246143,1.0564564564564565,5.024524524524525,-8.690970323270164,1.9000000000000001,190
-2.1372990302455555,1.0588588588588588,5.022022022022022,-8.682119412043754,1.9100000000000001,191
-2.1364132423077726,1.061261261261261,5.01951951951952,-8.673265106204507,1.92,192
-2.1355268214155148,1.0636636636636636,5.017017017017017,-8.664407397938138,1.93,193
-2.1346397661679046,1.0660660660660661,5.014514514514515,-8.655546279401584,1.94,194
-2.133752075158912,1.0684684684684684,5.012012012012012,-8.646681742722876,1.95,195
-2.132863746977329,1.0708708708708707,5.00950950950951,-8.637813780001004,1.96,196
-2.1319747802067424,1.0732732732732733,5.007007007007007,-8.628942383305755,1.97,197
-2.131085173425509,1.0756756756756756,5.004504504504505,-8.620067544677594,1.98,198
-2.1301949252067276,1.078078078078078,5.002002002002002,-8.611189256127485,1.99,199
-2.129304034118212,1.0804804804804804,4.9994994994995,-8.602307509636777,2.0,200
-2.128412498722466,1.082882882882883,4.996996996996997,-8.593422297157034,2.0100000000000002,201
-2.127520317576653,1.0852852852852852,4.994494494494495,-8.584533610609894,2.02,202
-2.1266274892325714,1.0876876876876875,4.991991991991992,-8.575641441886901,2.0300000000000002,203
-2.1257340122366255,1.09009009009009,4.98948948948949,-8.566745782849377,2.04,204
-2.124839885129799,1.0924924924924926,4.986986986986987,-8.557846625328263,2.05,205
-2.123945106447626,1.0948948948948949,4.984484484484485,-8.548943961123966,2.06,206
-2.1230496747201624,1.0972972972972972,4.981981981981982,-8.54003778200618,2.07,207
-2.1221535884719596,1.0996996996996997,4.97947947947948,-8.531128079713765,2.08,208
-2.1212568462220336,1.102102102102102,4.976976976976977,-8.522214845954569,2.09,209
-2.1203594464838376,1.1045045045045043,4.974474474474475,-8.513298072405263,2.1,210
-2.119461387765233,1.1069069069069069,4.971971971971972,-8.50437775071121,2.11,211
-2.1185626685684604,1.1093093093093094,4.96946946946947,-8.49545387248628,2.12,212
-2.1176632873901093,1.1117117117117117,4.966966966966967,-8.486526429312686,2.13,213
-2.11676324272109,1.114114114114114,4.964464464464465,-8.477595412740849,2.14,214
-2.1158625330466023,1.1165165165165165,4.961961961961962,-8.46866081428919,2.15,215
-2.1149611568461073,1.118918918918919,4.95945945945946,-8.459722625444016,2.16,216
-2.1140591125932957,1.1213213213213211,4.956956956956957,-8.450780837659302,2.17,217
-2.1131563987560584,1.1237237237237236,4.954454454454455,-8.441835442356567,2.18,218
-2.1122530137964555,1.1261261261261262,4.951951951951952,-8.432886430924675,2.19,219
-2.111348956170686,1.1285285285285285,4.94944944944945,-8.423933794719687,2.2,220
-2.1104442243290573,1.1309309309309308,4.946946946946947,-8.414977525064682,2.21,221
-2.1095388167159523,1.1333333333333333,4.944444444444445,-8.406017613249576,2.22,222
-2.1086327317698,1.1357357357357358,4.941941941941942,-8.397054050530965,2.23,223
-2.107725967923042,1.1381381381381381,4.93943943943944,-8.388086828131934,2.24,224
-2.1068185236021026,1.1405405405405404,4.936936936936937,-8.379115937241895,2.25,225
-2.1059103972273556,1.142942942942943,4.934434434434435,-8.370141369016403,2.2600000000000002,226
-2.1050015872130925,1.1453453453453453,4.931931931931932,-8.361163114576986,2.27,227
-2.1040920919674897,1.1477477477477476,4.92942942942943,-8.35218116501095,2.2800000000000002,228
-2.103181909892576,1.15015015015015,4.926926926926927,-8.343195511371224,2.29,229
-2.1022710393842003,1.1525525525525526,4.924424424424425,-8.334206144676154,2.3000000000000003,230
-2.1013594788319976,1.154954954954955,4.921921921921922,-8.32521305590933,2.31,231
-2.1004472266193557,1.1573573573573572,4.91941941941942,-8.316216236019407,2.32,232
-2.099534281123382,1.1597597597597598,4.916916916916917,-8.307215675919913,2.33,233
-2.0986206407148704,1.162162162162162,4.914414414414415,-8.298211366489065,2.34,234
-2.097706303758265,1.1645645645645644,4.911911911911912,-8.289203298569575,2.35,235
-2.096791268611628,1.166966966966967,4.90940940940941,-8.280191462968471,2.36,236
-2.095875533626605,1.1693693693693694,4.906906906906907,-8.27117585045691,2.37,237
-2.094959097148389,1.1717717717717717,4.904404404404405,-8.262156451769975,2.38,238
-2.0940419575156866,1.174174174174174,4.901901901901902,-8.253133257606482,2.39,239
-2.0931241130606812,1.1765765765765765,4.8993993993994,-8.244106258628792,2.4,240
-2.092205562109,1.178978978978979,4.896896896896897,-8.235075445462613,2.41,241
-2.0912863029796767,1.1813813813813814,4.894394394394395,-8.226040808696817,2.42,242
-2.0903663339851146,1.1837837837837837,4.891891891891892,-8.217002338883212,2.43,243
-2.0894456534310524,1.1861861861861862,4.88938938938939,-8.207960026536362,2.44,244
-2.088524259616527,1.1885885885885885,4.886886886886887,-8.198913862133399,2.45,245
-2.087602150833836,1.1909909909909908,4.884384384384385,-8.189863836113792,2.46,246
-2.0866793253685016,1.1933933933933933,4.881881881881882,-8.180809938879154,2.47,247
-2.0857557814992336,1.1957957957957959,4.87937937937938,-8.171752160793055,2.48,248
-2.08483151749789,1.1981981981981982,4.876876876876877,-8.16269049218079,2.49,249
-2.0839065316294425,1.2006006006006005,4.874374374374375,-8.153624923329184,2.5,250
-2.082980822151935,1.203003003003003,4.871871871871872,-8.144555444486382,2.5100000000000002,251
-2.0820543873164477,1.2054054054054053,4.86936936936937,-8.135482045861636,2.52,252
-2.081127225367058,1.2078078078078076,4.866866866866867,-8.1264047176251,2.5300000000000002,253
-2.0801993345408003,1.2102102102102101,4.864364364364365,-8.1173234499076,2.54,254
-2.079270713067629,1.2126126126126127,4.861861861861862,-8.108238232800439,2.5500000000000003,255
-2.078341359170378,1.215015015015015,4.85935935935936,-8.099149056355163,2.56,256
-2.0774112710647206,1.2174174174174173,4.856856856856857,-8.090055910583356,2.57,257
-2.0764804469591303,1.2198198198198198,4.854354354354355,-8.080958785456415,2.58,258
-2.075548885054841,1.2222222222222223,4.851851851851852,-8.071857670905327,2.59,259
-2.074616583545805,1.2246246246246246,4.84934934934935,-8.062752556820453,2.6,260
-2.0736835406186533,1.227027027027027,4.846846846846847,-8.053643433051295,2.61,261
-2.0727497544526545,1.2294294294294295,4.844344344344345,-8.044530289406273,2.62,262
-2.0718152232196734,1.2318318318318318,4.841841841841842,-8.035413115652513,2.63,263
-2.070879945084128,1.234234234234234,4.83933933933934,-8.026291901515583,2.64,264
-2.06994391820295,1.2366366366366366,4.836836836836837,-8.017166636679306,2.65,265
-2.0690071407255397,1.2390390390390391,4.834334334334335,-8.008037310785486,2.66,266
-2.068069610793726,1.2414414414414414,4.831831831831832,-7.99890391343371,2.67,267
-2.0671313265417224,1.2438438438438437,4.82932932932933,-7.989766434181092,2.68,268
-2.0661922860960824,1.2462462462462462,4.826826826826827,-7.9806248625420375,2.69,269
-2.065252487575658,1.2486486486486486,4.824324324324325,-7.971479187988008,2.7,270
-2.064311929091556,1.2510510510510509,4.821821821821822,-7.962329399947284,2.71,271
-2.063370608747092,1.2534534534534534,4.81931931931932,-7.953175487804717,2.72,272
-2.0624285246377476,1.255855855855856,4.816816816816817,-7.944017440901491,2.73,273
-2.0614856748511245,1.2582582582582582,4.814314314314315,-7.934855248534875,2.74,274
-2.0605420574669,1.2606606606606605,4.811811811811812,-7.925688899957964,2.75,275
-2.059597670556782,1.263063063063063,4.8093093093093096,-7.916518384379454,2.7600000000000002,276
-2.0586525121844614,1.2654654654654656,4.806806806806807,-7.907343690963377,2.77,277
-2.057706580405569,1.2678678678678679,4.8043043043043046,-7.898164808828836,2.7800000000000002,278
-2.056759873267626,1.2702702702702702,4.801801801801802,-7.888981727049784,2.79,279
-2.0558123888099993,1.2726726726726727,4.7992992992992995,-7.879794434654727,2.8000000000000003,280
-2.0548641250638524,1.275075075075075,4.796796796796797,-7.870602920626497,2.81,281
-2.053915080052101,1.2774774774774773,4.7942942942942945,-7.8614071739019895,2.82,282
-2.0529652517893613,1.2798798798798798,4.791791791791792,-7.852207183371877,2.83,283
-2.0520146382819053,1.2822822822822824,4.7892892892892895,-7.843002937880367,2.84,284
-2.05106323752761,1.2846846846846847,4.786786786786787,-7.833794426224938,2.85,285
-2.0501110475159097,1.287087087087087,4.7842842842842845,-7.824581637156056,2.86,286
-2.049158066227746,1.2894894894894895,4.781781781781782,-7.815364559376927,2.87,287
-2.048204291635519,1.2918918918918918,4.7792792792792795,-7.806143181543195,2.88,288
-2.0472497217030368,1.294294294294294,4.776776776776777,-7.7969174922627085,2.89,289
-2.0462943543854646,1.2966966966966966,4.7742742742742745,-7.787687480095201,2.9,290
-2.045338187629275,1.2990990990990992,4.771771771771772,-7.778453133552049,2.91,291
-2.0443812193721964,1.3015015015015015,4.7692692692692695,-7.769214441095977,2.92,292
-2.0434234475431623,1.3039039039039038,4.766766766766767,-7.759971391140781,2.93,293
-2.042464870062257,1.3063063063063063,4.7642642642642645,-7.750723972051036,2.94,294
-2.041505484840667,1.3087087087087088,4.761761761761762,-7.741472172141818,2.95,295
-2.040545289780625,1.311111111111111,4.7592592592592595,-7.7322159796784256,2.96,296
-2.0395842827753583,1.3135135135135134,4.756756756756757,-7.7229553828760595,2.97,297
-2.0386224617090356,1.315915915915916,4.7542542542542545,-7.7136903698995685,2.98,298
-2.0376598244567132,1.3183183183183182,4.751751751751752,-7.704420928863139,2.99,299
-2.0366963688842796,1.3207207207207206,4.7492492492492495,-7.69514704782998,3.0,300
-2.0357320928484017,1.323123123123123,4.746746746746747,-7.685868714812053,3.0100000000000002,301
-2.03476699419647,1.3255255255255256,4.7442442442442445,-7.676585917769765,3.02,302
-2.033801070766542,1.327927927927928,4.741741741741742,-7.6672986446116544,3.0300000000000002,303
-2.0328343203872876,1.3303303303303302,4.7392392392392395,-7.658006883194096,3.04,304
-2.031866740877932,1.3327327327327327,4.736736736736737,-7.648710621320988,3.0500000000000003,305
-2.0308983300481986,1.335135135135135,4.7342342342342345,-7.639409846743451,3.06,306
-2.0299290856982526,1.3375375375375373,4.731731731731732,-7.6301045471595,3.0700000000000003,307
-2.028959005618643,1.3399399399399399,4.7292292292292295,-7.620794710213747,3.08,308
-2.0279880875902436,1.3423423423423424,4.726726726726727,-7.611480323497074,3.09,309
-2.0270163293841965,1.3447447447447447,4.7242242242242245,-7.60216137454632,3.1,310
-2.026043728761851,1.347147147147147,4.721721721721722,-7.592837850843952,3.11,311
-2.0250702834747054,1.3495495495495495,4.7192192192192195,-7.583509739817753,3.12,312
-2.024095991264347,1.351951951951952,4.716716716716717,-7.574177028840482,3.13,313
-2.023120849862391,1.3543543543543541,4.7142142142142145,-7.5648397052295575,3.14,314
-2.0221448569904212,1.3567567567567567,4.711711711711712,-7.555497756246722,3.15,315
-2.021168010359926,1.3591591591591592,4.7092092092092095,-7.546151169097698,3.16,316
-2.02019030767224,1.3615615615615615,4.706706706706707,-7.536799930931871,3.17,317
-2.0192117466184785,1.3639639639639638,4.7042042042042045,-7.527444028841936,3.18,318
-2.0182323248794773,1.3663663663663663,4.701701701701702,-7.51808344986356,3.19,319
-2.017252040125728,1.3687687687687689,4.6991991991991995,-7.508718180975038,3.2,320
-2.0162708900173154,1.3711711711711712,4.696696696696697,-7.499348209096955,3.21,321
-2.0152888722038518,1.3735735735735735,4.6941941941941945,-7.489973521091823,3.22,322
-2.0143059843244133,1.375975975975976,4.691691691691692,-7.48059410376374,3.23,323
-2.0133222240074744,1.3783783783783783,4.6891891891891895,-7.471209943858019,3.24,324
-2.012337588870842,1.3807807807807806,4.686686686686687,-7.461821028060853,3.25,325
-2.0113520765215895,1.3831831831831831,4.6841841841841845,-7.452427342998947,3.2600000000000002,326
-2.01036568455599,1.3855855855855856,4.681681681681682,-7.443028875239139,3.27,327
-2.0093784105594485,1.387987987987988,4.6791791791791795,-7.433625611288068,3.2800000000000002,328
-2.0083902521064347,1.3903903903903903,4.676676676676677,-7.424217537591768,3.29,329
-2.007401206760414,1.3927927927927928,4.6741741741741745,-7.4148046405353245,3.3000000000000003,330
-2.006411272073779,1.3951951951951953,4.671671671671672,-7.405386906442488,3.31,331
-2.00542044558778,1.3975975975975974,4.6691691691691695,-7.395964321575303,3.3200000000000003,332
-2.0044287248324544,1.4,4.666666666666667,-7.3865368721337115,3.33,333
-2.0034361073265567,1.4024024024024024,4.6641641641641645,-7.377104544255195,3.34,334
-2.0024425905774876,1.4048048048048047,4.661661661661662,-7.367667324014376,3.35,335
-2.0014481720812216,1.407207207207207,4.6591591591591595,-7.35822519742263,3.36,336
-2.000452849322235,1.4096096096096096,4.656656656656657,-7.348778150427687,3.37,337
-1.999456619773433,1.412012012012012,4.6541541541541545,-7.339326168913253,3.38,338
-1.9984594808960765,1.4144144144144144,4.651651651651652,-7.329869238698595,3.39,339
-1.9974614301397076,1.4168168168168167,4.6491491491491495,-7.320407345538149,3.4,340
-1.996462464942075,1.4192192192192192,4.646646646646647,-7.310940475121112,3.41,341
-1.995462582729059,1.4216216216216215,4.6441441441441444,-7.301468613071036,3.42,342
-1.994461780914596,1.4240240240240238,4.641641641641642,-7.291991744945423,3.43,343
-1.9934600569006007,1.4264264264264264,4.6391391391391394,-7.282509856235299,3.44,344
-1.9924574080768904,1.428828828828829,4.636636636636637,-7.273022932364804,3.45,345
-1.9914538318211068,1.4312312312312312,4.634134134134134,-7.263530958690772,3.46,346
-1.9904493254986373,1.4336336336336335,4.631631631631632,-7.254033920502308,3.47,347
-1.9894438864625363,1.436036036036036,4.629129129129129,-7.2445318030203545,3.48,348
-1.9884375120534457,1.4384384384384383,4.626626626626627,-7.235024591397264,3.49,349
-1.9874301995995143,1.4408408408408406,4.624124124124124,-7.22551227071637,3.5,350
-1.9864219464163169,1.4432432432432432,4.621621621621622,-7.215994825991545,3.5100000000000002,351
-1.9854127498067728,1.4456456456456457,4.619119119119119,-7.206472242166754,3.52,352
-1.9844026070610636,1.448048048048048,4.616616616616617,-7.1969445041156215,3.5300000000000002,353
-1.98339151545655,1.4504504504504503,4.614114114114114,-7.187411596640976,3.54,354
-1.9823794722576882,1.4528528528528528,4.611611611611612,-7.177873504474399,3.5500000000000003,355
-1.9813664747159454,1.4552552552552553,4.609109109109109,-7.1683302122757695,3.56,356
-1.9803525200697152,1.4576576576576576,4.606606606606607,-7.1587817046328075,3.5700000000000003,357
-1.9793376055442313,1.46006006006006,4.604104104104104,-7.149227966060609,3.58,358
-1.9783217283514818,1.4624624624624625,4.601601601601602,-7.13966898100118,3.59,359
-1.977304885690121,1.4648648648648648,4.599099099099099,-7.130104733822968,3.6,360
-1.9762870747453822,1.467267267267267,4.596596596596597,-7.120535208820383,3.61,361
-1.9752682926889888,1.4696696696696696,4.594094094094094,-7.110960390213323,3.62,362
-1.9742485366790652,1.4720720720720721,4.591591591591592,-7.101380262146699,3.63,363
-1.9732278038600461,1.4744744744744744,4.589089089089089,-7.091794808689933,3.64,364
-1.972206091362586,1.4768768768768767,4.586586586586587,-7.08220401383648,3.65,365
-1.9711833963034677,1.4792792792792793,4.584084084084084,-7.072607861503338,3.66,366
-1.9701597157855093,1.4816816816816816,4.581581581581582,-7.0630063355305355,3.67,367
-1.9691350468974715,1.4840840840840839,4.579079079079079,-7.053399419680643,3.68,368
-1.9681093867139634,1.4864864864864864,4.576576576576577,-7.043787097638263,3.69,369
-1.9670827322953475,1.488888888888889,4.574074074074074,-7.0341693530095135,3.7,370
-1.9660550806876445,1.4912912912912912,4.571571571571572,-7.024546169321527,3.71,371
-1.9650264289224364,1.4936936936936935,4.569069069069069,-7.014917530021918,3.72,372
-1.9639967740167699,1.496096096096096,4.566566566566567,-7.00528341847827,3.73,373
-1.9629661129730578,1.4984984984984986,4.564064064064064,-6.9956438179776015,3.74,374
-1.9619344427789802,1.500900900900901,4.561561561561562,-6.98599871172584,3.75,375
-1.9609017604073848,1.5033033033033032,4.559059059059059,-6.976348082847284,3.7600000000000002,376
-1.9598680628161864,1.5057057057057057,4.556556556556557,-6.966691914384056,3.77,377
-1.958833346948265,1.508108108108108,4.554054054054054,-6.957030189295571,3.7800000000000002,378
-1.9577976097313643,1.5105105105105103,4.551551551551552,-6.9473628904579785,3.79,379
-1.9567608480779872,1.5129129129129129,4.549049049049049,-6.937690000663602,3.8000000000000003,380
-1.955723058885293,1.5153153153153154,4.546546546546547,-6.928011502620394,3.81,381
-1.9546842390349914,1.5177177177177177,4.544044044044044,-6.918327378951366,3.8200000000000003,382
-1.9536443853932375,1.52012012012012,4.541541541541542,-6.90863761219402,3.83,383
-1.9526034948105235,1.5225225225225225,4.539039039039039,-6.898942184799772,3.84,384
-1.9515615641215727,1.5249249249249248,4.536536536536537,-6.889241079133382,3.85,385
-1.950518590145229,1.5273273273273271,4.534034034034034,-6.879534277472363,3.86,386
-1.949474569684349,1.5297297297297296,4.531531531531532,-6.8698217620064,3.87,387
-1.9484294995256897,1.5321321321321322,4.529029029029029,-6.860103514836759,3.88,388
-1.947383376439798,1.5345345345345345,4.526526526526527,-6.8503795179756795,3.89,389
-1.946336197180898,1.5369369369369368,4.524024024024024,-6.840649753345772,3.9,390
-1.9452879584867766,1.5393393393393393,4.521521521521522,-6.830914202779431,3.91,391
-1.9442386570786703,1.5417417417417418,4.519019019019019,-6.821172848018193,3.92,392
-1.9431882896611483,1.544144144144144,4.516516516516517,-6.811425670712141,3.93,393
-1.9421368529219967,1.5465465465465464,4.514014014014014,-6.801672652419258,3.94,394
-1.9410843435321006,1.548948948948949,4.511511511511512,-6.791913774604825,3.95,395
-1.940030758145325,1.5513513513513513,4.509009009009009,-6.782149018640766,3.96,396
-1.9389760933983966,1.5537537537537536,4.506506506506507,-6.772378365805015,3.97,397
-1.9379203459107806,1.556156156156156,4.504004004004004,-6.762601797280874,3.98,398
-1.9368635122845608,1.5585585585585586,4.501501501501502,-6.752819294156352,3.99,399
-1.935805589104316,1.560960960960961,4.498998998998999,-6.743030837423525,4.0,400
-1.9347465729369955,1.5633633633633632,4.496496496496496,-6.73323640797785,4.01,401
-1.9336864603317947,1.5657657657657658,4.493993993993994,-6.723435986617522,4.0200000000000005,402
-1.932625247820028,1.568168168168168,4.491491491491491,-6.713629554042784,4.03,403
-1.9315629319150023,1.5705705705705704,4.488988988988989,-6.7038170908552495,4.04,404
-1.9304995091118873,1.572972972972973,4.486486486486486,-6.6939985775572275,4.05,405
-1.9294349758875864,1.5753753753753754,4.483983983983984,-6.684173994551008,4.0600000000000005,406
-1.9283693287006058,1.5777777777777777,4.481481481481481,-6.674343322138194,4.07,407
-1.9273025639909223,1.58018018018018,4.478978978978979,-6.664506540518969,4.08,408
-1.9262346781798496,1.5825825825825826,4.476476476476476,-6.6546636297914095,4.09,409
-1.9251656676699047,1.584984984984985,4.473973973973974,-6.644814569950755,4.1,410
-1.9240955288446708,1.5873873873873872,4.471471471471471,-6.63495934088869,4.11,411
-1.9230242580686616,1.5897897897897897,4.468968968968969,-6.625097922392609,4.12,412
-1.9219518516871823,1.5921921921921922,4.466466466466466,-6.615230294144899,4.13,413
-1.92087830602619,1.5945945945945945,4.463963963963964,-6.605356435722172,4.14,414
-1.9198036173921538,1.5969969969969968,4.461461461461461,-6.595476326594536,4.15,415
-1.9187277820719115,1.5993993993993993,4.458958958958959,-6.585589946124831,4.16,416
-1.9176507963325269,1.6018018018018019,4.456456456456456,-6.575697273567867,4.17,417
-1.9165726564211452,1.604204204204204,4.453953953953954,-6.56579828806966,4.18,418
-1.9154933585648461,1.6066066066066065,4.451451451451451,-6.555892968666653,4.19,419
-1.9144128989704976,1.609009009009009,4.448948948948949,-6.545981294284925,4.2,420
-1.913331273824606,1.6114114114114115,4.446446446446446,-6.536063243739422,4.21,421
-1.9122484792931667,1.6138138138138136,4.443943943943944,-6.526138795733141,4.22,422
-1.9111645115215117,1.6162162162162161,4.441441441441441,-6.5162079288563355,4.23,423
-1.9100793666341573,1.6186186186186187,4.438938938938939,-6.506270621585692,4.24,424
-1.9089930407346496,1.6210210210210207,4.436436436436436,-6.496326852283536,4.25,425
-1.9079055299054082,1.6234234234234233,4.433933933933934,-6.486376599196975,4.26,426
-1.9068168302075694,1.6258258258258258,4.431431431431431,-6.476419840457098,4.2700000000000005,427
-1.905726937680827,1.6282282282282283,4.428928928928929,-6.4664565540781,4.28,428
-1.904635848343272,1.6306306306306304,4.426426426426426,-6.4564867179564605,4.29,429
-1.9035435581912306,1.633033033033033,4.423923923923924,-6.446510309870067,4.3,430
-1.9024500631991015,1.6354354354354355,4.421421421421421,-6.436527307477375,4.3100000000000005,431
-1.9013553593191905,1.637837837837838,4.418918918918919,-6.426537688316506,4.32,432
-1.900259442481544,1.64024024024024,4.416416416416416,-6.41654142980439,4.33,433
-1.8991623085937808,1.6426426426426426,4.413913913913914,-6.406538509235862,4.34,434
-1.898063953540923,1.6450450450450451,4.411411411411411,-6.3965289037827855,4.3500000000000005,435
-1.896964373185224,1.6474474474474472,4.408908908908909,-6.386512590493119,4.36,436
-1.895863563365996,1.6498498498498497,4.406406406406406,-6.3764895462900295,4.37,437
-1.8947615198994354,1.6522522522522523,4.403903903903904,-6.366459747970952,4.38,438
-1.8936582385784464,1.6546546546546548,4.401401401401401,-6.3564231722066715,4.39,439
-1.8925537151724627,1.6570570570570569,4.398898898898899,-6.346379795540376,4.4,440
-1.8914479454272686,1.6594594594594594,4.396396396396396,-6.33632959438671,4.41,441
-1.8903409250648169,1.661861861861862,4.393893893893894,-6.326272545030827,4.42,442
-1.889232649783046,1.664264264264264,4.391391391391391,-6.316208623627418,4.43,443
-1.888123115255695,1.6666666666666665,4.388888888888889,-6.306137806199722,4.44,444
-1.8870123171321165,1.669069069069069,4.386386386386386,-6.296060068638571,4.45,445
-1.8859002510370886,1.6714714714714716,4.383883883883884,-6.285975386701377,4.46,446
-1.884786912570624,1.6738738738738737,4.381381381381381,-6.275883736011135,4.47,447
-1.8836722973077782,1.6762762762762762,4.378878878878879,-6.26578509205541,4.48,448
-1.8825564007984545,1.6786786786786787,4.376376376376376,-6.255679430185319,4.49,449
-1.881439218567209,1.6810810810810812,4.373873873873874,-6.245566725614497,4.5,450
-1.880320746113052,1.6834834834834833,4.371371371371371,-6.235446953418062,4.51,451
-1.8792009789092474,1.6858858858858858,4.368868868868869,-6.225320088531552,4.5200000000000005,452
-1.8780799124031125,1.6882882882882884,4.366366366366366,-6.215186105749881,4.53,453
-1.876957542015812,1.6906906906906904,4.363863863863864,-6.205044979726251,4.54,454
-1.8758338631421536,1.693093093093093,4.361361361361361,-6.194896684971088,4.55,455
-1.8747088711503792,1.6954954954954955,4.358858858858859,-6.184741195850929,4.5600000000000005,456
-1.8735825613819552,1.697897897897898,4.356356356356356,-6.1745784865873485,4.57,457
-1.8724549291513601,1.7003003003003,4.353853853853854,-6.164408531255821,4.58,458
-1.8713259697458702,1.7027027027027026,4.351351351351351,-6.154231303784613,4.59,459
-1.870195678425343,1.7051051051051052,4.348848848848849,-6.144046777953639,4.6000000000000005,460
-1.8690640504219995,1.7075075075075072,4.346346346346346,-6.133854927393326,4.61,461
-1.8679310809402019,1.7099099099099098,4.343843843843844,-6.123655725583449,4.62,462
-1.8667967651562314,1.7123123123123123,4.341341341341341,-6.113449145851968,4.63,463
-1.8656610982180633,1.7147147147147148,4.338838838838839,-6.103235161373849,4.64,464
-1.8645240752451384,1.717117117117117,4.336336336336336,-6.0930137451698805,4.65,465
-1.863385691328134,1.7195195195195194,4.333833833833834,-6.082784870105447,4.66,466
-1.862245941528731,1.721921921921922,4.331331331331331,-6.072548508889357,4.67,467
-1.86110482087938,1.724324324324324,4.328828828828829,-6.062304634072577,4.68,468
-1.8599623243830636,1.7267267267267266,4.326326326326326,-6.0520532180470195,4.69,469
-1.8588184470130575,1.729129129129129,4.323823823823824,-6.04179423304428,4.7,470
-1.8576731837126885,1.7315315315315316,4.321321321321321,-6.031527651134388,4.71,471
-1.85652652939509,1.7339339339339337,4.318818818818819,-6.0212534442245165,4.72,472
-1.8553784789429555,1.7363363363363362,4.316316316316316,-6.0109715840577085,4.73,473
-1.8542290272082886,1.7387387387387387,4.313813813813814,-6.000682042211576,4.74,474
-1.8530781690121516,1.7411411411411413,4.311311311311311,-5.990384790096975,4.75,475
-1.8519258991444107,1.7435435435435434,4.308808808808809,-5.9800797989566945,4.76,476
-1.8507722123634787,1.7459459459459459,4.306306306306306,-5.969767039864111,4.7700000000000005,477
-1.8496171033960551,1.7483483483483484,4.303803803803804,-5.959446483721836,4.78,478
-1.848460566936864,1.7507507507507505,4.301301301301301,-5.949118101260357,4.79,479
-1.8473025976483872,1.753153153153153,4.298798798798799,-5.938781863036638,4.8,480
-1.8461431901605985,1.7555555555555555,4.296296296296296,-5.928437739432759,4.8100000000000005,481
-1.8449823390706908,1.757957957957958,4.293793793793794,-5.918085700654478,4.82,482
-1.8438200389428028,1.7603603603603601,4.291291291291291,-5.907725716729825,4.83,483
-1.8426562843077428,1.7627627627627627,4.288788788788789,-5.8973577575076614,4.84,484
-1.8414910696627085,1.7651651651651652,4.286286286286286,-5.8869817926562344,4.8500000000000005,485
-1.840324389471005,1.7675675675675673,4.283783783783784,-5.876597791661698,4.86,486
-1.839156238161759,1.7699699699699698,4.281281281281281,-5.866205723826658,4.87,487
-1.83798661012963,1.7723723723723723,4.278778778778779,-5.8558055582686475,4.88,488
-1.8368154997345196,1.7747747747747749,4.276276276276276,-5.845397263918644,4.89,489
-1.8356429013012754,1.777177177177177,4.273773773773774,-5.834980809519518,4.9,490
-1.834468809119394,1.7795795795795795,4.271271271271271,-5.824556163624511,4.91,491
-1.8332932174427197,1.781981981981982,4.268768768768769,-5.814123294595667,4.92,492
-1.8321161204891405,1.7843843843843845,4.266266266266266,-5.80368217060227,4.93,493
-1.8309375124402802,1.7867867867867866,4.263763763763764,-5.79323275961924,4.94,494
-1.8297573874411872,1.7891891891891891,4.261261261261261,-5.782775029425537,4.95,495
-1.8285757396000208,1.7915915915915916,4.258758758758759,-5.77230894760253,4.96,496
-1.8273925629877337,1.7939939939939937,4.256256256256256,-5.761834481532379,4.97,497
-1.8262078516377498,1.7963963963963963,4.253753753753754,-5.751351598396342,4.98,498
-1.8250215995456411,1.7987987987987988,4.251251251251251,-5.740860265173142,4.99,499
-1.8238338006687986,1.8012012012012013,4.248748748748749,-5.730360448637237,5.0,500
-1.822644448926101,1.8036036036036034,4.246246246246246,-5.719852115357144,5.01,501
-1.8214535381975785,1.806006006006006,4.243743743743744,-5.709335231693688,5.0200000000000005,502
-1.8202610623240758,1.8084084084084084,4.241241241241241,-5.698809763798279,5.03,503
-1.8190670151069073,1.8108108108108105,4.238738738738739,-5.68827567761112,5.04,504
-1.8178713903075114,1.813213213213213,4.236236236236236,-5.677732938859458,5.05,505
-1.8166741816471008,1.8156156156156156,4.233733733733734,-5.667181513055757,5.0600000000000005,506
-1.8154753828063073,1.818018018018018,4.231231231231231,-5.656621365495893,5.07,507
-1.8142749874248238,1.8204204204204202,4.228728728728729,-5.646052461257305,5.08,508
-1.8130729891010433,1.8228228228228227,4.226226226226226,-5.63547476519715,5.09,509
-1.8118693813916915,1.8252252252252252,4.223723723723724,-5.6248882419504085,5.1000000000000005,510
-1.810664157811457,1.8276276276276278,4.221221221221221,-5.614292855927998,5.11,511
-1.8094573118326174,1.8300300300300298,4.218718718718719,-5.603688571314848,5.12,512
-1.80824883688466,1.8324324324324324,4.216216216216216,-5.593075352067961,5.13,513
-1.8070387263539,1.834834834834835,4.213713713713714,-5.5824531619144615,5.14,514
-1.8058269735830923,1.837237237237237,4.211211211211211,-5.571821964349599,5.15,515
-1.8046135718710408,1.8396396396396395,4.208708708708709,-5.56118172263476,5.16,516
-1.803398514472202,1.842042042042042,4.206206206206206,-5.550532399795429,5.17,517
-1.8021817945962855,1.8444444444444446,4.203703703703704,-5.539873958619161,5.18,518
-1.800963405407848,1.8468468468468466,4.201201201201201,-5.529206361653497,5.19,519
-1.7997433400258847,1.8492492492492492,4.198698698698699,-5.5185295712038815,5.2,520
-1.798521591523414,1.8516516516516517,4.196196196196196,-5.5078435493315485,5.21,521
-1.7972981529270602,1.8540540540540538,4.193693693693694,-5.497148257851373,5.22,522
-1.7960730172166284,1.8564564564564563,4.191191191191191,-5.486443658329739,5.23,523
-1.7948461773246762,1.8588588588588588,4.188688688688689,-5.47572971208232,5.24,524
-1.7936176261360806,1.8612612612612613,4.186186186186186,-5.4650063801719,5.25,525
-1.7923873564875992,1.8636636636636634,4.183683683683684,-5.454273623406127,5.26,526
-1.7911553611674267,1.866066066066066,4.181181181181181,-5.443531402335264,5.2700000000000005,527
-1.789921632914746,1.8684684684684685,4.178678678678679,-5.4327796772498935,5.28,528
-1.7886861644192746,1.870870870870871,4.176176176176176,-5.422018408178634,5.29,529
-1.787448948320805,1.873273273273273,4.173673673673674,-5.411247554885781,5.3,530
-1.78620997720874,1.8756756756756756,4.171171171171171,-5.400467076868972,5.3100000000000005,531
-1.7849692436216238,1.8780780780780781,4.168668668668669,-5.389676933356785,5.32,532
-1.783726740046665,1.8804804804804802,4.166166166166166,-5.378877083306342,5.33,533
-1.7824824589192563,1.8828828828828827,4.163663663663664,-5.36806748540085,5.34,534
-1.781236392622488,1.8852852852852853,4.161161161161161,-5.357248098047162,5.3500000000000005,535
-1.7799885334866543,1.8876876876876878,4.158658658658659,-5.346418879373253,5.36,536
-1.7787388737887568,1.8900900900900899,4.156156156156156,-5.335579787225729,5.37,537
-1.777487405751999,1.8924924924924924,4.153653653653654,-5.324730779167259,5.38,538
-1.7762341215452755,1.894894894894895,4.151151151151151,-5.313871812474,5.39,539
-1.7749790132826575,1.897297297297297,4.148648648648649,-5.30300284413298,5.4,540
-1.7737220730228689,1.8996996996996995,4.146146146146146,-5.2921238308394845,5.41,541
-1.7724632927687582,1.902102102102102,4.143643643643644,-5.281234728994361,5.42,542
-1.7712026644667633,1.9045045045045046,4.141141141141141,-5.270335494701344,5.43,543
-1.7699401800063699,1.9069069069069067,4.138638638638639,-5.259426083764303,5.44,544
-1.7686758312195634,1.9093093093093092,4.136136136136136,-5.248506451684506,5.45,545
-1.767409609880275,1.9117117117117117,4.133633633633634,-5.237576553657803,5.46,546
-1.7661415077038192,1.9141141141141143,4.131131131131131,-5.226636344571828,5.47,547
-1.7648715163463267,1.9165165165165163,4.128628628628629,-5.215685779003119,5.48,548
-1.7635996274041685,1.9189189189189189,4.126126126126126,-5.204724811214241,5.49,549
-1.7623258324133748,1.9213213213213214,4.123623623623624,-5.193753395150859,5.5,550
-1.7610501228490445,1.9237237237237235,4.121121121121121,-5.182771484438783,5.51,551
-1.75977249012475,1.926126126126126,4.118618618618619,-5.171779032380972,5.5200000000000005,552
-1.758492925591933,1.9285285285285285,4.116116116116116,-5.160775991954511,5.53,553
-1.757211420539293,1.930930930930931,4.113613613613614,-5.149762315807546,5.54,554
-1.7559279661921692,1.9333333333333331,4.111111111111111,-5.138737956256193,5.55,555
-1.7546425537119135,1.9357357357357357,4.108608608608609,-5.127702865281385,5.5600000000000005,556
-1.753355174195257,1.9381381381381382,4.106106106106106,-5.116656994525735,5.57,557
-1.7520658186736682,1.9405405405405403,4.103603603603604,-5.105600295290289,5.58,558
-1.7507744781127015,1.9429429429429428,4.101101101101101,-5.094532718531305,5.59,559
-1.749481143411341,1.9453453453453453,4.098598598598599,-5.083454214856962,5.6000000000000005,560
-1.748185805401333,1.9477477477477478,4.096096096096096,-5.072364734524028,5.61,561
-1.7468884548465116,1.95015015015015,4.093593593593594,-5.0612642274345045,5.62,562
-1.7455890824421154,1.9525525525525524,4.091091091091091,-5.050152643132229,5.63,563
-1.744287678814096,1.954954954954955,4.088588588588589,-5.039029930799412,5.64,564
-1.7429842345184168,1.957357357357357,4.086086086086086,-5.027896039253168,5.65,565
-1.7416787400403444,1.9597597597597596,4.083583583583584,-5.01675091694198,5.66,566
-1.7403711857937296,1.962162162162162,4.081081081081081,-5.005594511942137,5.67,567
-1.7390615621202798,1.9645645645645646,4.078578578578579,-4.994426771954105,5.68,568
-1.7377498592888225,1.9669669669669667,4.076076076076076,-4.983247644298892,5.69,569
-1.7364360674945587,1.9693693693693692,4.073573573573574,-4.9720570759143285,5.7,570
-1.7351201768583069,1.9717717717717718,4.071071071071071,-4.960855013351335,5.71,571
-1.7338021774257377,1.9741741741741743,4.068568568568569,-4.949641402770119,5.72,572
-1.7324820591665986,1.9765765765765764,4.066066066066066,-4.938416189936348,5.73,573
-1.731159811973928,1.978978978978979,4.063563563563564,-4.927179320217254,5.74,574
-1.7298354256632598,1.9813813813813814,4.061061061061061,-4.915930738577714,5.75,575
-1.7285088899718173,1.9837837837837835,4.058558558558559,-4.904670389576253,5.76,576
-1.727180194557697,1.986186186186186,4.056056056056056,-4.893398217361037,5.7700000000000005,577
-1.7258493289990409,1.9885885885885886,4.053553553553554,-4.882114165665765,5.78,578
-1.724516282793199,1.990990990990991,4.051051051051051,-4.8708181778055675,5.79,579
-1.72318104535588,1.9933933933933932,4.048548548548549,-4.859510196672801,5.8,580
-1.7218436060202915,1.9957957957957957,4.046046046046046,-4.848190164732838,5.8100000000000005,581
-1.7205039540362683,1.9981981981981982,4.043543543543544,-4.836858024019758,5.82,582
-1.7191620785693895,2.0006006006006003,4.041041041041041,-4.825513716132031,5.83,583
-1.7178179687000836,2.003003003003003,4.038538538538539,-4.814157182228104,5.84,584
-1.716471613422722,2.0054054054054054,4.036036036036036,-4.802788363021973,5.8500000000000005,585
-1.7151230016447008,2.007807807807808,4.033533533533534,-4.79140719877865,5.86,586
-1.7137721221855091,2.01021021021021,4.031031031031031,-4.780013629309639,5.87,587
-1.712418963775786,2.0126126126126125,4.028528528528529,-4.76860759396828,5.88,588
-1.7110635150563651,2.015015015015015,4.026026026026026,-4.757189031645106,5.89,589
-1.7097057645773042,2.0174174174174175,4.023523523523524,-4.745757880763069,5.9,590
-1.7083457007969045,2.0198198198198196,4.021021021021021,-4.73431407927278,5.91,591
-1.706983312080715,2.022222222222222,4.018518518518519,-4.722857564647624,5.92,592
-1.7056185867005234,2.0246246246246247,4.016016016016016,-4.711388273878857,5.93,593
-1.7042515128333342,2.0270270270270268,4.013513513513514,-4.699906143470612,5.94,594
-1.702882078560332,2.0294294294294293,4.011011011011011,-4.68841110943486,5.95,595
-1.7015102718658306,2.031831831831832,4.008508508508509,-4.676903107286289,5.96,596
-1.7001360806362082,2.0342342342342343,4.006006006006006,-4.665382072037136,5.97,597
-1.698759492658828,2.0366366366366364,4.003503503503504,-4.653847938191932,5.98,598
-1.697380495620944,2.039039039039039,4.001001001001001,-4.642300639742203,5.99,599
-1.6959990771085898,2.0414414414414415,3.9984984984984986,-4.6307401101610655,6.0,600
-1.694615224605456,2.0438438438438435,3.995995995995996,-4.619166282397805,6.01,601
-1.6932289254917476,2.046246246246246,3.9934934934934936,-4.6075790888723205,6.0200000000000005,602
-1.6918401670430285,2.0486486486486486,3.990990990990991,-4.5959784614695565,6.03,603
-1.6904489364290487,2.051051051051051,3.9884884884884886,-4.584364331533816,6.04,604
-1.6890552207125553,2.053453453453453,3.985985985985986,-4.572736629863032,6.05,605
-1.6876590068480866,2.0558558558558557,3.9834834834834836,-4.561095286702926,6.0600000000000005,606
-1.6862602816807495,2.0582582582582583,3.980980980980981,-4.549440231741141,6.07,607
-1.6848590319449797,2.060660660660661,3.9784784784784786,-4.537771394101243,6.08,608
-1.6834552442632842,2.063063063063063,3.975975975975976,-4.526088702336686,6.09,609
-1.6820489051449659,2.0654654654654654,3.9734734734734736,-4.51439208442466,6.1000000000000005,610
-1.68064000098483,2.067867867867868,3.970970970970971,-4.502681467759897,6.11,611
-1.6792285180618725,2.07027027027027,3.9684684684684686,-4.490956779148348,6.12,612
-1.6778144425379495,2.0726726726726725,3.965965965965966,-4.479217944800826,6.13,613
-1.6763977604564273,2.075075075075075,3.9634634634634636,-4.467464890326511,6.140000000000001,614
-1.674978457740813,2.0774774774774776,3.960960960960961,-4.455697540726419,6.15,615
-1.6735565201933664,2.0798798798798797,3.9584584584584586,-4.44391582038673,6.16,616
-1.6721319334936904,2.082282282282282,3.955955955955956,-4.432119653072087,6.17,617
-1.6707046831973016,2.0846846846846847,3.9534534534534536,-4.4203089619187335,6.18,618
-1.6692747547341809,2.087087087087087,3.950950950950951,-4.408483669427628,6.19,619
-1.6678421334073013,2.0894894894894893,3.9484484484484486,-4.396643697457405,6.2,620
-1.666406804391136,2.091891891891892,3.945945945945946,-4.384788967217288,6.21,621
-1.664968752730143,2.0942942942942944,3.9434434434434436,-4.372919399259862,6.22,622
-1.663527963337229,2.0966966966966964,3.940940940940941,-4.361034913473787,6.23,623
-1.6620844209921888,2.099099099099099,3.9384384384384385,-4.34913542907638,6.24,624
-1.6606381103401233,2.1015015015015015,3.935935935935936,-4.3372208646061114,6.25,625
-1.6591890158898337,2.103903903903904,3.9334334334334335,-4.325291137914991,6.26,626
-1.6577371220121913,2.106306306306306,3.930930930930931,-4.3133461661608585,6.2700000000000005,627
-1.656282412938483,2.1087087087087086,3.9284284284284285,-4.301385865799542,6.28,628
-1.6548248727587331,2.111111111111111,3.925925925925926,-4.289410152576947,6.29,629
-1.6533644854199987,2.1135135135135132,3.9234234234234235,-4.2774189415209865,6.3,630
-1.6519012347246398,2.1159159159159158,3.920920920920921,-4.265412146933448,6.3100000000000005,631
-1.650435104328564,2.1183183183183183,3.9184184184184185,-4.253389682381696,6.32,632
-1.6489660777394446,2.120720720720721,3.915915915915916,-4.241351460690309,6.33,633
-1.6474941383149098,2.123123123123123,3.9134134134134135,-4.229297393932548,6.34,634
-1.6460192692607074,2.1255255255255254,3.910910910910911,-4.21722739342175,6.3500000000000005,635
-1.6445414536288399,2.127927927927928,3.9084084084084085,-4.205141369702563,6.36,636
-1.6430606743156702,2.13033033033033,3.905905905905906,-4.193039232542089,6.37,637
-1.64157691406,2.1327327327327326,3.9034034034034035,-4.180920890920854,6.38,638
-1.6400901554411182,2.135135135135135,3.900900900900901,-4.168786253023715,6.390000000000001,639
-1.6386003808768184,2.1375375375375376,3.8983983983983985,-4.156635226230563,6.4,640
-1.6371075726213862,2.1399399399399397,3.8958958958958956,-4.144467717106965,6.41,641
-1.635611712763556,2.142342342342342,3.893393393393393,-4.132283631394608,6.42,642
-1.6341127832244353,2.1447447447447447,3.8908908908908906,-4.120082874001639,6.43,643
-1.632610765755396,2.1471471471471473,3.888388388388388,-4.107865348992874,6.44,644
-1.6311056419359347,2.1495495495495494,3.8858858858858856,-4.095630959579827,6.45,645
-1.6295973931714967,2.151951951951952,3.883383383383383,-4.08337960811063,6.46,646
-1.6280860006912685,2.1543543543543544,3.8808808808808806,-4.071111196059787,6.47,647
-1.626571445545934,2.1567567567567565,3.878378378378378,-4.05882562401779,6.48,648
-1.6250537086053949,2.159159159159159,3.8758758758758756,-4.046522791680568,6.49,649
-1.623532770556456,2.1615615615615615,3.873373373373373,-4.034202597838791,6.5,650
-1.6220086119004726,2.163963963963964,3.8708708708708706,-4.021864940367023,6.51,651
-1.6204812129509616,2.166366366366366,3.868368368368368,-4.009509716212691,6.5200000000000005,652
-1.6189505538311726,2.1687687687687687,3.8658658658658656,-3.9971368213849168,6.53,653
-1.6174166144716218,2.171171171171171,3.863363363363363,-3.984746150943166,6.54,654
-1.6158793746075848,2.1735735735735733,3.8608608608608606,-3.972337598985738,6.55,655
-1.6143388137765498,2.175975975975976,3.858358358358358,-3.959911058638075,6.5600000000000005,656
-1.612794911315629,2.1783783783783783,3.8558558558558556,-3.9474664220409075,6.57,657
-1.6112476463589283,2.180780780780781,3.853353353353353,-3.935003580338205,6.58,658
-1.6096969978348734,2.183183183183183,3.8508508508508505,-3.9225224236649634,6.59,659
-1.6081429444634932,2.1855855855855855,3.848348348348348,-3.9100228411347926,6.6000000000000005,660
-1.6065854647536582,2.187987987987988,3.8458458458458455,-3.897504720827339,6.61,661
-1.605024537000273,2.1903903903903905,3.843343343343343,-3.8849679497754783,6.62,662
-1.603460139281423,2.1927927927927926,3.8408408408408405,-3.872412413952361,6.63,663
-1.601892249455474,2.195195195195195,3.838338338338338,-3.859837998258217,6.640000000000001,664
-1.6003208451581232,2.1975975975975977,3.8358358358358355,-3.847244586506994,6.65,665
-1.5987459037994018,2.1999999999999997,3.833333333333333,-3.8346320614127665,6.66,666
-1.597167402560626,2.2024024024024023,3.8308308308308305,-3.8220003045759388,6.67,667
-1.5955853183912987,2.204804804804805,3.828328328328328,-3.8093491964692587,6.68,668
-1.5939996280059585,2.2072072072072073,3.8258258258258255,-3.796678616423577,6.69,669
-1.592410307880975,2.2096096096096094,3.823323323323323,-3.783988442613423,6.7,670
-1.5908173342512906,2.212012012012012,3.8208208208208205,-3.771278552042326,6.71,671
-1.589220683107107,2.2144144144144144,3.818318318318318,-3.758548820527941,6.72,672
-1.5876203301905147,2.2168168168168165,3.8158158158158155,-3.7457991226869023,6.73,673
-1.5860162509920661,2.219219219219219,3.813313313313313,-3.7330293319194725,6.74,674
-1.5844084207472882,2.2216216216216216,3.8108108108108105,-3.7202393203939366,6.75,675
-1.5827968144331372,2.224024024024024,3.808308308308308,-3.7074289590307536,6.76,676
-1.5811814067643912,2.226426426426426,3.8058058058058055,-3.6945981174864517,6.7700000000000005,677
-1.57956217218998,2.2288288288288287,3.803303303303303,-3.6817466641372816,6.78,678
-1.5779390848892527,2.2312312312312312,3.8008008008008005,-3.668874466062597,6.79,679
-1.576312118768179,2.2336336336336333,3.798298298298298,-3.6559813890279793,6.8,680
-1.5746812474554845,2.236036036036036,3.7957957957957955,-3.6430672974680878,6.8100000000000005,681
-1.5730464442987198,2.2384384384384384,3.793293293293293,-3.630132054469243,6.82,682
-1.5714076823602579,2.240840840840841,3.7907907907907905,-3.6171755217517205,6.83,683
-1.5697649344132234,2.243243243243243,3.788288288288288,-3.604197559651767,6.84,684
-1.568118172937349,2.2456456456456455,3.7857857857857855,-3.5911980271033226,6.8500000000000005,685
-1.5664673701147582,2.248048048048048,3.783283283283283,-3.578176781619457,6.86,686
-1.5648124978256732,2.2504504504504506,3.7807807807807805,-3.5651336792734867,6.87,687
-1.5631535276440467,2.2528528528528526,3.778278278278278,-3.5520685746798035,6.88,688
-1.5614904308331143,2.255255255255255,3.7757757757757755,-3.53898132097438,6.890000000000001,689
-1.5598231783408687,2.2576576576576577,3.773273273273273,-3.525871769794956,6.9,690
-1.5581517407954508,2.2600600600600598,3.7707707707707705,-3.512739771260911,6.91,691
-1.5564760885004587,2.2624624624624623,3.768268268268268,-3.499585173952796,6.92,692
-1.5547961914301704,2.264864864864865,3.7657657657657655,-3.486407824891524,6.93,693
-1.553112019224681,2.2672672672672673,3.763263263263263,-3.4732075695172346,6.94,694
-1.5514235411849495,2.2696696696696694,3.7607607607607605,-3.4599842516677857,6.95,695
-1.5497307262677567,2.272072072072072,3.758258258258258,-3.4467377135569075,6.96,696
-1.5480335430805683,2.2744744744744745,3.7557557557557555,-3.4334677957519775,6.97,697
-1.546331959876306,2.2768768768768766,3.753253253253253,-3.4201743371514386,6.98,698
-1.5446259445480186,2.279279279279279,3.7507507507507505,-3.406857174961825,6.99,699
-1.5429154646234575,2.2816816816816816,3.748248248248248,-3.393516144674412,7.0,700
-1.541200487259549,2.284084084084084,3.7457457457457455,-3.380151080041469,7.01,701
-1.5394809792367636,2.2864864864864862,3.743243243243243,-3.3667618130521104,7.0200000000000005,702
-1.5377569069533807,2.2888888888888888,3.7407407407407405,-3.3533481739077455,7.03,703
-1.5360282364196445,2.2912912912912913,3.738238238238238,-3.339909990997092,7.04,704
-1.5342949332518099,2.293693693693694,3.7357357357357355,-3.3264470908707917,7.05,705
-1.5325569626660758,2.296096096096096,3.733233233233233,-3.31295929821557,7.0600000000000005,706
-1.5308142894724026,2.2984984984984984,3.7307307307307305,-3.29944643582796,7.07,707
-1.529066878068213,2.300900900900901,3.728228228228228,-3.285908324587587,7.08,708
-1.5273146924319705,2.303303303303303,3.7257257257257255,-3.2723447834299684,7.09,709
-1.5255576961166362,2.3057057057057055,3.723223223223223,-3.2587556293188733,7.1000000000000005,710
-1.5237958522429988,2.308108108108108,3.7207207207207205,-3.2451406772181812,7.11,711
-1.5220291234928762,2.3105105105105106,3.718218218218218,-3.231499740063261,7.12,712
-1.520257472102184,2.3129129129129127,3.7157157157157155,-3.217832628731853,7.13,713
-1.518480859853871,2.315315315315315,3.713213213213213,-3.2041391520144424,7.140000000000001,714
-1.516699248070715,2.3177177177177177,3.7107107107107105,-3.190419116584108,7.15,715
-1.5149125976079787,2.32012012012012,3.708208208208208,-3.1766723269658526,7.16,716
-1.5131208688459197,2.3225225225225223,3.7057057057057055,-3.1628985855053866,7.17,717
-1.5113240216821544,2.324924924924925,3.703203203203203,-3.14909769233736,7.18,718
-1.5095220155238696,2.3273273273273274,3.7007007007007005,-3.1352694453530363,7.19,719
-1.5077148092798793,2.3297297297297295,3.698198198198198,-3.1214136401673906,7.2,720
-1.505902361352524,2.332132132132132,3.6956956956956954,-3.1075300700856268,7.21,721
-1.5040846296294064,2.3345345345345345,3.693193193193193,-3.0936185260690925,7.22,722
-1.5022615714749623,2.336936936936937,3.6906906906906904,-3.0796787967005796,7.23,723
-1.5004331437218612,2.339339339339339,3.688188188188188,-3.0657106681490145,7.24,724
-1.498599302662233,2.3417417417417417,3.6856856856856854,-3.0517139241335087,7.25,725
-1.496760004038717,2.344144144144144,3.683183183183183,-3.0376883458867576,7.26,726
-1.4949152030353268,2.3465465465465463,3.6806806806806804,-3.0236337121177757,7.2700000000000005,727
-1.493064854268131,2.348948948948949,3.678178178178178,-3.0095497989739686,7.28,728
-1.4912089117757412,2.3513513513513513,3.6756756756756754,-2.995436380002495,7.29,729
-1.4893473290096038,2.353753753753754,3.673173173173173,-2.9812932261109504,7.3,730
-1.4874800588240917,2.356156156156156,3.6706706706706704,-2.9671201055273,7.3100000000000005,731
-1.485607053466391,2.3585585585585584,3.668168168168168,-2.9529167837591084,7.32,732
-1.4837282645661762,2.360960960960961,3.6656656656656654,-2.938683023552006,7.33,733
-1.4818436431250699,2.363363363363363,3.663163163163163,-2.924418584847375,7.34,734
-1.4799531395058816,2.3657657657657656,3.6606606606606604,-2.9101232247392863,7.3500000000000005,735
-1.4780567034216205,2.368168168168168,3.658158158158158,-2.8957966974306073,7.36,736
-1.476154283924275,2.3705705705705706,3.6556556556556554,-2.881438754188312,7.37,737
-1.474245829393355,2.3729729729729727,3.653153153153153,-2.86704914329795,7.38,738
-1.4723312875241907,2.3753753753753752,3.6506506506506504,-2.852627610017274,7.390000000000001,739
-1.4704106053159811,2.3777777777777778,3.648148148148148,-2.838173896528981,7.4,740
-1.4684837290595854,2.3801801801801803,3.6456456456456454,-2.8236877418925914,7.41,741
-1.466550604325053,2.3825825825825824,3.643143143143143,-2.80916888199539,7.42,742
-1.4646111759488838,2.384984984984985,3.6406406406406404,-2.7946170495024774,7.43,743
-1.4626653880210119,2.3873873873873874,3.638138138138138,-2.7800319738058343,7.44,744
-1.4607131838715053,2.3897897897897895,3.6356356356356354,-2.765413380972454,7.45,745
-1.458754506056977,2.392192192192192,3.633133133133133,-2.7507609936914728,7.46,746
-1.4567892963466968,2.3945945945945946,3.6306306306306304,-2.7360745312202823,7.47,747
-1.454817495708397,2.396996996996997,3.628128128128128,-2.7213537093296276,7.48,748
-1.452839044293765,2.399399399399399,3.6256256256256254,-2.7065982402476365,7.49,749
-1.4508538814236154,2.4018018018018017,3.623123123123123,-2.6918078326027866,7.5,750
-1.4488619455727287,2.404204204204204,3.6206206206206204,-2.6769821913657585,7.51,751
-1.4468631743543552,2.4066066066066063,3.618118118118118,-2.6621210177901657,7.5200000000000005,752
-1.4448575045043672,2.409009009009009,3.6156156156156154,-2.647224009352148,7.53,753
-1.442844871865058,2.4114114114114114,3.613113113113113,-2.6322908596887737,7.54,754
-1.440825211368571,2.413813813813814,3.6106106106106104,-2.6173212585352505,7.55,755
-1.4387984570199552,2.416216216216216,3.608108108108108,-2.602314891660904,7.5600000000000005,756
-1.4367645418798347,2.4186186186186185,3.6056056056056054,-2.5872714408039084,7.57,757
-1.4347233980466791,2.421021021021021,3.603103103103103,-2.572190583604727,7.58,758
-1.4326749566386696,2.4234234234234235,3.6006006006006004,-2.5570719935382407,7.59,759
-1.430619147775145,2.4258258258258256,3.598098098098098,-2.5419153398445493,7.6000000000000005,760
-1.42855590055762,2.428228228228228,3.5955955955955954,-2.5267202874583825,7.61,761
-1.4264851430503607,2.4306306306306307,3.593093093093093,-2.51148649693713,7.62,762
-1.4244068022605074,2.4330330330330328,3.5905905905905904,-2.4962136243874227,7.63,763
-1.422320804117733,2.4354354354354353,3.588088088088088,-2.480901321390257,7.640000000000001,764
-1.4202270734534217,2.437837837837838,3.5855855855855854,-2.4655492349246275,7.65,765
-1.4181255339793555,2.4402402402402403,3.583083083083083,-2.450157007289614,7.66,766
-1.4160161082658975,2.4426426426426424,3.5805805805805804,-2.434724276024914,7.67,767
-1.4138987177196545,2.445045045045045,3.578078078078078,-2.4192506738297714,7.68,768
-1.4117732825606055,2.4474474474474475,3.5755755755755754,-2.403735828480267,7.69,769
-1.409639721798683,2.4498498498498495,3.573073073073073,-2.388179362744932,7.7,770
-1.407497953209788,2.452252252252252,3.5705705705705704,-2.3725808942986575,7.71,771
-1.4053478933112267,2.4546546546546546,3.568068068068068,-2.3569400356348416,7.72,772
-1.4031894573365493,2.457057057057057,3.5655655655655654,-2.341256393975754,7.73,773
-1.4010225592097758,2.459459459459459,3.563063063063063,-2.3255295711810664,7.74,774
-1.3988471115189904,2.4618618618618617,3.5605605605605604,-2.3097591636545083,7.75,775
-1.396663025489287,2.4642642642642643,3.558058058058058,-2.293944762248607,7.76,776
-1.3944702109550455,2.4666666666666663,3.5555555555555554,-2.278085952167473,7.7700000000000005,777
-1.3922685763315228,2.469069069069069,3.553053053053053,-2.262182312867563,7.78,778
-1.3900580285857342,2.4714714714714714,3.5505505505505504,-2.2462334179564234,7.79,779
-1.3878384732066085,2.473873873873874,3.548048048048048,-2.2302388350893025,7.8,780
-1.3856098141743929,2.476276276276276,3.5455455455455454,-2.214198125863641,7.8100000000000005,781
-1.3833719539292875,2.4786786786786785,3.543043043043043,-2.198110845711361,7.82,782
-1.3811247933392845,2.481081081081081,3.5405405405405403,-2.1819765437889034,7.83,783
-1.378868231667191,2.4834834834834836,3.538038038038038,-2.165794762864981,7.84,784
-1.376602166536809,2.4858858858858857,3.5355355355355353,-2.1495650392059726,7.8500000000000005,785
-1.3743264938982482,2.488288288288288,3.533033033033033,-2.1332869024589227,7.86,786
-1.3720411079923471,2.4906906906906907,3.5305305305305303,-2.116959875532073,7.87,787
-1.3697459013141717,2.493093093093093,3.528028028028028,-2.1005834744728906,7.88,788
-1.3674407645755684,2.4954954954954953,3.5255255255255253,-2.0841572083435196,7.890000000000001,789
-1.365125586666739,2.497897897897898,3.523023023023023,-2.0676805790936035,7.9,790
-1.3628002546168096,2.5003003003003004,3.5205205205205203,-2.051153081430403,7.91,791
-1.3604646535533624,2.5027027027027025,3.518018018018018,-2.0345742026861933,7.92,792
-1.3581186666608975,2.505105105105105,3.5155155155155153,-2.017943422682807,7.930000000000001,793
-1.3557621751381936,2.5075075075075075,3.513013013013013,-2.0012602135933255,7.94,794
-1.353395058154531,2.5099099099099096,3.5105105105105103,-1.9845240398008093,7.95,795
-1.351017192804744,2.512312312312312,3.508008008008008,-1.9677343577540247,7.96,796
-1.3486284540630635,2.5147147147147146,3.5055055055055053,-1.9508906158200805,7.97,797
-1.3462287147357141,2.517117117117117,3.503003003003003,-1.9339922541339156,7.98,798
-1.3438178454122252,2.5195195195195192,3.5005005005005003,-1.9170387044445647,7.99,799
-1.3413957144154147,2.5219219219219218,3.497997997997998,-1.9000293899581253,8.0,800
-1.3389621877500064,2.5243243243243243,3.4954954954954953,-1.8829637251773548,8.01,801
-1.3365171290498314,2.526726726726727,3.492992992992993,-1.865841115737818,8.02,802
-1.3340603995235751,2.529129129129129,3.4904904904904903,-1.8486609582405125,8.03,803
-1.3315918578990171,2.5315315315315314,3.487987987987988,-1.8314226400808806,8.040000000000001,804
-1.329111360365719,2.533933933933934,3.4854854854854853,-1.8141255392741513,8.05,805
-1.3266187605161073,2.536336336336336,3.482982982982983,-1.7967690242768954,8.06,806
-1.3241139092849012,2.5387387387387386,3.4804804804804803,-1.7793524538047514,8.07,807
-1.321596654886829,2.541141141141141,3.477977977977978,-1.7618751766461909,8.08,808
-1.3190668427525767,2.5435435435435436,3.4754754754754753,-1.7443365314722774,8.09,809
-1.3165243154629138,2.5459459459459457,3.472972972972973,-1.7267358466423088,8.1,810
-1.3139689126809304,2.5483483483483482,3.4704704704704703,-1.709072440005249,8.11,811
-1.3114004710823273,2.5507507507507508,3.467967967967968,-1.6913456186968823,8.120000000000001,812
-1.3088188242836902,2.553153153153153,3.4654654654654653,-1.6735546789325584,8.13,813
-1.3062238027686837,2.5555555555555554,3.462962962962963,-1.6556989057954796,8.14,814
-1.3036152338120917,2.557957957957958,3.4604604604604603,-1.6377775730204034,8.15,815
-1.3009929414016326,2.5603603603603604,3.457957957957958,-1.6197899427726572,8.16,816
-1.298356746157473,2.5627627627627625,3.4554554554554553,-1.6017352654224064,8.17,817
-1.295706465249362,2.565165165165165,3.452952952952953,-1.583612779314035,8.18,818
-1.2930419123113013,2.5675675675675675,3.4504504504504503,-1.5654217105305506,8.19,819
-1.290362897353671,2.56996996996997,3.447947947947948,-1.5471612726529331,8.2,820
-1.2876692266727168,2.572372372372372,3.4454454454454453,-1.528830666514292,8.21,821
-1.2849607027573116,2.5747747747747747,3.442942942942943,-1.5104290799487492,8.22,822
-1.2822371241928923,2.577177177177177,3.4404404404404403,-1.4919556875349356,8.23,823
-1.2794982855624757,2.5795795795795793,3.437937937937938,-1.4734096503340064,8.24,824
-1.2767439773446465,2.581981981981982,3.4354354354354353,-1.4547901156220462,8.25,825
-1.273973985808414,2.5843843843843843,3.432932932932933,-1.4360962166167983,8.26,826
-1.2711880929048216,2.586786786786787,3.4304304304304303,-1.417327072198562,8.27,827
-1.2683860761551957,2.589189189189189,3.4279279279279278,-1.3984817866251946,8.28,828
-1.2655677085359125,2.5915915915915915,3.4254254254254253,-1.3795594492410963,8.290000000000001,829
-1.262732758359555,2.593993993993994,3.4229229229229228,-1.3605591341800674,8.3,830
-1.2598809891523308,2.596396396396396,3.4204204204204203,-1.3414799000619464,8.31,831
-1.2570121595276142,2.5987987987987986,3.4179179179179178,-1.3223207896829114,8.32,832
-1.2541260230554685,2.601201201201201,3.4154154154154153,-1.3030808296993612,8.33,833
-1.2512223281280028,2.6036036036036037,3.4129129129129128,-1.2837590303052657,8.34,834
-1.2483008178204071,2.606006006006006,3.4104104104104103,-1.264354384902881,8.35,835
-1.2453612297475072,2.6084084084084083,3.4079079079079078,-1.2448658697667625,8.36,836
-1.242403295915668,2.610810810810811,3.4054054054054053,-1.2252924437009387,8.370000000000001,837
-1.2394267425698757,2.6132132132132133,3.4029029029029028,-1.2056330476892168,8.38,838
-1.2364312900358136,2.6156156156156154,3.4004004004004003,-1.1858866045384788,8.39,839
-1.233416652556741,2.618018018018018,3.3978978978978978,-1.1660520185149315,8.4,840
-1.2303825381249804,2.6204204204204204,3.3953953953953953,-1.146128174973212,8.41,841
-1.2273286483078056,2.622822822822823,3.3928928928928928,-1.1261139399783033,8.42,842
-1.224254678067513,2.625225225225225,3.3903903903903903,-1.1060081599201794,8.43,843
-1.2211603155754542,2.6276276276276276,3.3878878878878878,-1.0858096611211412,8.44,844
-1.2180452420197956,2.63003003003003,3.3853853853853852,-1.0655172494358016,8.45,845
-1.2149091314067577,2.6324324324324326,3.3828828828828827,-1.0451297098436845,8.46,846
-1.2117516503550816,2.6348348348348347,3.3803803803803802,-1.0246458060344112,8.47,847
-1.2085724578834536,2.6372372372372372,3.3778778778778777,-1.0040642799854789,8.48,848
-1.2053712051906111,2.6396396396396398,3.3753753753753752,-0.9833838515326239,8.49,849
-1.2021475354278381,2.642042042042042,3.3728728728728727,-0.9626032179328039,8.5,850
-1.1989010834635452,2.6444444444444444,3.3703703703703702,-0.9417210534198173,8.51,851
-1.195631475639619,2.646846846846847,3.3678678678678677,-0.9207360087526499,8.52,852
-1.1923383295192063,2.6492492492492494,3.3653653653653652,-0.8996467107565884,8.53,853
-1.1890212536255875,2.6516516516516515,3.3628628628628627,-0.878451761857229,8.540000000000001,854
-1.1856798471717749,2.654054054054054,3.3603603603603602,-0.8571497396074905,8.55,855
-1.1823136997804582,2.6564564564564566,3.3578578578578577,-0.8357391962078085,8.56,856
-1.178922391193899,2.6588588588588586,3.3553553553553552,-0.8142186580196675,8.57,857
-1.1755054909733582,2.661261261261261,3.3528528528528527,-0.792586625072695,8.58,858
-1.1720625581876238,2.6636636636636637,3.3503503503503502,-0.7708415705656009,8.59,859
-1.1685931410901818,2.666066066066066,3.3478478478478477,-0.7489819403612046,8.6,860
-1.1650967767845561,2.6684684684684683,3.3453453453453452,-0.7270061524759406,8.61,861
-1.1615729908773178,2.670870870870871,3.3428428428428427,-0.7049125965641894,8.620000000000001,862
-1.1580212971182404,2.6732732732732734,3.34034034034034,-0.6826996333978954,8.63,863
-1.1544411970270578,2.675675675675676,3.3378378378378377,-0.6603655943419606,8.64,864
-1.150832179506247,2.678078078078078,3.335335335335335,-0.6379087808259616,8.65,865
-1.1471937204392404,2.6804804804804805,3.3328328328328327,-0.6153274638128452,8.66,866
-1.143525282273433,2.682882882882883,3.33033033033033,-0.5926198832652734,8.67,867
-1.13982631358733,2.685285285285285,3.3278278278278277,-0.56978424761042,8.68,868
-1.1360962486411397,2.6876876876876876,3.325325325325325,-0.5468187332040855,8.69,869
-1.1323345069100865,2.69009009009009,3.3228228228228227,-0.5237214837951036,8.700000000000001,870
-1.1285404925996856,2.6924924924924927,3.32032032032032,-0.5004906099911026,8.71,871
-1.124713594142178,2.6948948948948948,3.3178178178178177,-0.47712418872683005,8.72,872
-1.120853183673291,2.6972972972972973,3.315315315315315,-0.45362026273634104,8.73,873
-1.116958616488442,2.6996996996997,3.3128128128128127,-0.42997684003051084,8.74,874
-1.113029230477467,2.702102102102102,3.31031031031031,-0.40619189338147654,8.75,875
-1.1090643455368994,2.7045045045045044,3.3078078078078077,-0.3822633598157652,8.76,876
-1.1050632629587864,2.706906906906907,3.305305305305305,-0.35818914011805436,8.77,877
-1.101025264794971,2.7093093093093095,3.3028028028028027,-0.333967098347705,8.78,878
-1.0969496131957177,2.7117117117117115,3.3003003003003,-0.3095950613704037,8.790000000000001,879
-1.0928355497215028,2.714114114114114,3.2977977977977977,-0.2850708184074997,8.8,880
-1.0886822946267267,2.7165165165165166,3.295295295295295,-0.26039212060585015,8.81,881
-1.0844890461140468,2.718918918918919,3.2927927927927927,-0.235556680631273,8.82,882
-1.0802549795579595,2.721321321321321,3.29029029029029,-0.21056217228901186,8.83,883
-1.075979246696189,2.7237237237237237,3.2877877877877877,-0.18540623017490798,8.84,884
-1.0716609747873695,2.7261261261261263,3.285285285285285,-0.16008644936135985,8.85,885
-1.0672992657334217,2.7285285285285283,3.2827827827827827,-0.13460038512252037,8.86,886
-1.06289319516495,2.730930930930931,3.28028028028028,-0.10894555270358985,8.870000000000001,887
-1.0584418114878915,2.7333333333333334,3.2777777777777777,-0.08311942713952991,8.88,888
-1.0539441348895593,2.735735735735736,3.275275275275275,-0.05711944312902961,8.89,889
-1.049399156302123,2.738138138138138,3.2727727727727727,-0.03094299497004993,8.9,890
-1.044805836321467,2.7405405405405405,3.27027027027027,-0.004587436563929792,8.91,891
-1.0401631040792554,2.742942942942943,3.2677677677677677,0.021949918504391874,8.92,892
-1.0354698560659217,2.745345345345345,3.265265265265265,0.0486717968017234,8.93,893
-1.0307249549021726,2.7477477477477477,3.2627627627627627,0.07558096478850551,8.94,894
-1.025927228056473,2.75015015015015,3.26026026026026,0.10268022845734492,8.950000000000001,895
-1.0210754665058397,2.7525525525525527,3.2577577577577577,0.12997243285740323,8.96,896
-1.0161684233371269,2.754954954954955,3.255255255255255,0.1574604614928683,8.97,897
-1.0112048122858386,2.7573573573573573,3.2527527527527527,0.18514723558263846,8.98,898
-1.0061833062093375,2.75975975975976,3.25025025025025,0.21303571316718983,8.99,899
-1.0011025354911542,2.7621621621621624,3.2477477477477477,0.24112888804729415,9.0,900
-0.99596108637292,2.7645645645645645,3.245245245245245,0.26942978853786403,9.01,901
-0.9907574992102591,2.766966966966967,3.2427427427427427,0.29794147601864296,9.02,902
-0.9854902666487737,2.7693693693693695,3.24024024024024,0.3266670432618266,9.03,903
-0.9801578317160479,2.7717717717717716,3.2377377377377377,0.3556096125148245,9.040000000000001,904
-0.9747585858253714,2.774174174174174,3.235235235235235,0.38477233331440086,9.05,905
-0.9692908666866527,2.7765765765765766,3.2327327327327327,0.41415838000624605,9.06,906
-0.9637529561197383,2.778978978978979,3.23023023023023,0.4437709489416273,9.07,907
-0.9581430777651019,2.7813813813813812,3.2277277277277276,0.4736132553201813,9.08,908
-0.9524593946865828,2.7837837837837838,3.225225225225225,0.50368852964503,9.09,909
-0.946700006860572,2.7861861861861863,3.2227227227227226,0.5340000137533014,9.1,910
-0.9408629485457316,2.7885885885885884,3.22022022022022,0.5645509563817162,9.11,911
-0.9349461855270177,2.790990990990991,3.2177177177177176,0.5953446082231557,9.120000000000001,912
-0.9289476122274347,2.7933933933933934,3.215215215215215,0.6263842164260578,9.13,913
-0.9228650486805972,2.795795795795796,3.2127127127127126,0.6576730184839894,9.14,914
-0.916696237356799,2.798198198198198,3.21021021021021,0.6892142354578721,9.15,915
-0.9104388398349007,2.8006006006006006,3.2077077077077076,0.7210110644679477,9.16,916
-0.904090433311935,2.803003003003003,3.205205205205205,0.7530666703867182,9.17,917
-0.8976485069418982,2.8054054054054056,3.2027027027027026,0.7853841766576455,9.18,918
-0.8911104579947517,2.8078078078078077,3.2002002002002,0.8179666551573517,9.19,919
-0.8844735878261814,2.8102102102102102,3.1976976976976976,0.8508171150113442,9.200000000000001,920
-0.8777350976481806,2.8126126126126128,3.195195195195195,0.883938490264812,9.21,921
-0.8708920840900107,2.815015015015015,3.1926926926926926,0.9173336263007656,9.22,922
-0.8639415345385643,2.8174174174174174,3.19019019019019,0.9510052648876428,9.23,923
-0.8568803222466129,2.81981981981982,3.1876876876876876,0.9849560277273102,9.24,924
-0.8497052011968563,2.8222222222222224,3.185185185185185,1.019188398362215,9.25,925
-0.8424128007091072,2.8246246246246245,3.1826826826826826,1.0537047022869968,9.26,926
-0.8349996197773547,2.827027027027027,3.18018018018018,1.0885070850951992,9.27,927
-0.8274620211228422,2.8294294294294295,3.1776776776776776,1.123597488475581,9.28,928
-0.8197962249486771,2.8318318318318316,3.175175175175175,1.1589776238548692,9.290000000000001,929
-0.8119983023808752,2.834234234234234,3.1726726726726726,1.1946489434644025,9.3,930
-0.8040641685801162,2.8366366366366367,3.17017017017017,1.2306126085868694,9.31,931
-0.7959895755078776,2.839039039039039,3.1676676676676676,1.266869454716034,9.32,932
-0.7877701043300104,2.8414414414414413,3.165165165165165,1.3034199533368187,9.33,933
-0.7794011574402416,2.843843843843844,3.1626626626626626,1.3402641700050977,9.34,934
-0.7708779500855442,2.8462462462462463,3.16016016016016,1.377401718375888,9.35,935
-0.7621955015748099,2.8486486486486484,3.1576576576576576,1.4148317097950294,9.36,936
-0.7533486260518267,2.851051051051051,3.155155155155155,1.45255269803263,9.370000000000001,937
-0.7443319228131953,2.8534534534534535,3.1526526526526526,1.4905626186962873,9.38,938
-0.7351397661515602,2.855855855855856,3.15015015015015,1.5288587228180384,9.39,939
-0.7257662947043969,2.858258258258258,3.1476476476476476,1.5674375040607988,9.4,940
-0.7162054002886123,2.8606606606606606,3.145145145145145,1.6062946189374308,9.41,941
-0.7064507162014273,2.863063063063063,3.1426426426426426,1.645424799378114,9.42,942
-0.6964956049684511,2.8654654654654657,3.14014014014014,1.684821756919034,9.43,943
-0.6863331455205783,2.8678678678678677,3.1376376376376376,1.7244780777171234,9.44,944
-0.6759561197823932,2.8702702702702703,3.135135135135135,1.7643851075213277,9.450000000000001,945
-0.6653569986562263,2.872672672672673,3.1326326326326326,1.8045328256501678,9.46,946
-0.6545279273879437,2.875075075075075,3.13013013013013,1.844909706937858,9.47,947
-0.6434607103030503,2.8774774774774774,3.1276276276276276,1.8855025705165094,9.48,948
-0.6321467949048629,2.87987987987988,3.125125125125125,1.9262964141996526,9.49,949
-0.6205772553304709,2.8822822822822824,3.1226226226226226,1.967274233122121,9.5,950
-0.6087427751650922,2.8846846846846845,3.12012012012012,2.008416821173026,9.51,951
-0.5966336296214115,2.887087087087087,3.1176176176176176,2.049702553631959,9.52,952
-0.5842396670977388,2.8894894894894896,3.115115115115115,2.091107149283685,9.53,953
-0.5715502901375612,2.8918918918918917,3.1126126126126126,2.1326034101436213,9.540000000000001,954
-0.5585544358235259,2.894294294294294,3.11011011011011,2.174160936775698,9.55,955
-0.5452405556513613,2.8966966966966967,3.1076076076076076,2.215745817026592,9.56,956
-0.5315965949440427,2.8990990990990992,3.105105105105105,2.257320285836803,9.57,957
-0.5176099718839965,2.9015015015015013,3.1026026026026026,2.298842353621348,9.58,958
-0.5032675562617294,2.903903903903904,3.1001001001001,2.3402654005431414,9.59,959
-0.4885556480634352,2.9063063063063064,3.0975975975975976,2.3815377338335484,9.6,960
-0.47345995604840097,2.908708708708709,3.095095095095095,2.422602105151034,9.61,961
-0.4579655765000014,2.911111111111111,3.0925925925925926,2.4633951848156563,9.620000000000001,962
-0.4420569723724037,2.9135135135135135,3.09009009009009,2.503846989620922,9.63,963
-0.4257179530995418,2.915915915915916,3.0875875875875876,2.5438802608137965,9.64,964
-0.40893165538428483,2.918318318318318,3.085085085085085,2.5834097887590906,9.65,965
-0.39168052534491377,2.9207207207207206,3.0825825825825826,2.6223416807791797,9.66,966
-0.37394630246401156,2.923123123123123,3.08008008008008,2.660572568700562,9.67,967
-0.35571000586271617,2.9255255255255257,3.0775775775775776,2.697988752765017,9.68,968
-0.3369519235120934,2.9279279279279278,3.075075075075075,2.734465278799576,9.69,969
-0.31765160509431356,2.9303303303303303,3.0725725725725725,2.7698649459155913,9.700000000000001,970
-0.2977878593405351,2.932732732732733,3.07007007007007,2.804037242558215,9.71,971
-0.27733875680106035,2.935135135135135,3.0675675675675675,2.8368172094956945,9.72,972
-0.25628163914750324,2.9375375375375374,3.065065065065065,2.8680242293726717,9.73,973
-0.2345931362673133,2.93993993993994,3.0625625625625625,2.8974607438113598,9.74,974
-0.21224919258869707,2.9423423423423425,3.06006006006006,2.9249109007963985,9.75,975
-0.1892251042690378,2.9447447447447446,3.0575575575575575,2.9501391373006727,9.76,976
-0.16549556909205274,2.947147147147147,3.055055055055055,2.972888704887748,9.77,977
-0.14103475114708297,2.9495495495495496,3.0525525525525525,2.992880149459194,9.78,978
-0.1158163626059785,2.951951951951952,3.05005005005005,3.0098097605082117,9.790000000000001,979
-0.08981376516553895,2.9543543543543542,3.0475475475475475,3.023348010307916,9.8,980
-0.06300009398114205,2.9567567567567568,3.045045045045045,3.033138009520147,9.81,981
-0.03534840717253061,2.9591591591591593,3.0425425425425425,3.0387940128736375,9.82,982
-0.0068318642254309725,2.9615615615615614,3.04004004004004,3.0399000169336556,9.83,983
0.022576063170979873,2.963963963963964,3.0375375375375375,3.0360085016526375,9.84,984
0.05290134413856712,2.9663663663663664,3.035035035035035,3.026639378400034,9.85,985
0.08416910165910435,2.968768768768769,3.0325325325325325,3.0112792195102305,9.86,986
0.11640328182939687,2.971171171171171,3.03003003003003,2.989380857968068,9.870000000000001,987
0.14962627561304093,2.9735735735735735,3.0275275275275275,2.9603634604660383,9.88,988
0.18385848966734425,2.975975975975976,3.025025025025025,2.923613192356754,9.89,989
0.21911786332887828,2.978378378378378,3.0225225225225225,2.8784846084330837,9.9,990
0.2554193296160688,2.9807807807807807,3.02002002002002,2.824302918195454,9.91,991
0.29277421921014135,2.983183183183183,3.0175175175175175,2.760367287215194,9.92,992
0.3311896078670928,2.9855855855855857,3.015015015015015,2.685955345937539,9.93,993
0.370667609652422,2.987987987987988,3.0125125125125125,2.6003290819761915,9.94,994
0.4112046208297947,2.9903903903903903,3.01001001001001,2.5027422894346842,9.950000000000001,995
0.45279052221330457,2.992792792792793,3.0075075075075075,2.392449736488916,9.96,996
0.4954078513256439,2.9951951951951954,3.005005005005005,2.268718187539731,9.97,997
0.5390309597711197,2.9975975975975975,3.0025025025025025,2.130839375727179,9.98,998
0.5836251757640775,3.0,3.0,1.9781449626430492,9.99,999
