Time,mean_NED,lower_NED,upper_NED,mean_NED_ab,lower_NED_ab,upper_NED_ab,mean_NED_t,lower_NED_t,upper_NED_t
0.0,5.99361464980622e-09,-2.1190285742188373e-09,1.4106257873831276e-08,0.0001483928734894151,0.00012935549410944742,0.00016743025286938276,9.215224812971882e-05,8.00025282185589e-05,0.00010430196804087874
0.01,9.32460266481291e-09,-3.2996345446011575e-09,2.1948839874226978e-08,0.00022920100218719547,0.00019983228792403018,0.00025856971645036073,0.00013998005768848777,0.00012159438555938543,0.00015836572981759012
0.02,1.2544705879195977e-08,-4.442811028160755e-09,2.953222278655271e-08,0.00030630218755201775,0.0002670963849573174,0.0003455079901467181,0.00018445318935551594,0.00016025656164682164,0.00020864981706421025
0.03,1.5665208756142065e-08,-5.552383321386659e-09,3.688280083367079e-08,0.00038006703188683496,0.00033146762966513465,0.00042866643410853527,0.00022612520962642116,0.00019644556277414275,0.0002558048564786996
0.04,1.8691931116672314e-08,-6.6302532418470855e-09,4.401411547519171e-08,0.0004507255049319554,0.00039314359513353304,0.0005083074147303778,0.00026538920881892086,0.00023049048552033186,0.00030028793211750985
0.05,2.1629185032472077e-08,-7.677798807994419e-09,5.093616887293858e-08,0.0005184636295864211,0.00045228388394667984,0.0005846433752261623,0.00030255569335376305,0.0002626558125101714,0.00034245557419735473
0.06,2.4480663598173213e-08,-8.696188107532323e-09,5.765751530387875e-08,0.0005834456804424929,0.0005090294509776113,0.0006578619099073744,0.00033787927713480113,0.0002931615022402713,0.00038259705202933097
0.07,2.7249723116172174e-08,-9.686478485245758e-09,6.41859247175901e-08,0.0006458215933469745,0.0005635090325140147,0.0007281341541799343,0.00037157308693568986,0.0003221935828340261,0.00042095259103735365
0.08,2.9939494710429396e-08,-1.0649655554176003e-08,7.05286449750348e-08,0.0007057301789688465,0.0006158419188949197,0.0007956184390427733,0.0004038182063881989,0.00034991119253016277,0.00045772522024623507
0.09,3.255293647144039e-08,-1.1586651186020553e-08,7.669252412890135e-08,0.0007633008456279716,0.0006661394296426513,0.0008604622616132919,0.00043477046510125093,0.00037645180040088053,0.0004930891298016213
0.1,3.5092861410094887e-08,-1.24983530289471e-08,8.268407584913688e-08,0.0008186546960581619,0.0007145058450329614,0.0009228035470833624,0.0004645655994149303,0.0004019353326553135,0.0005271958661745471
0.11,3.7561954430744584e-08,-1.3385610137251081e-08,8.850951899874024e-08,0.0008719053220071244,0.0007610390764543158,0.000982771567559933,0.0004933233768817651,0.0004264676236611118,0.0005601791301024184
0.12,3.9962783834496064e-08,-1.424923663782162e-08,9.417480430681374e-08,0.0009231594337395847,0.0008058311949571262,0.0010404876725220431,0.0005211510371685014,0.0004501434322185307,0.0005921586421184722
0.13,4.2297809857324485e-08,-1.509001434597012e-08,9.968563406061908e-08,0.0009725173885588326,0.0008489688737619968,0.0010960659033556685,0.0005481459540145129,0.00047304878879362856,0.0006232431192353973
0.14,4.456939145661361e-08,-1.5908694793286724e-08,1.0504747770651394e-07,0.0010200736510797958,0.0008905337731214632,0.0011496135290381285,0.0005743966608439307,0.0004952615677781541,0.0006535317539097073
0.15,4.677979196778727e-08,-1.6706000931995107e-08,1.1026558486756965e-07,0.0010659172033623515,0.000930602883174605,0.001201231523550098,0.0005999822726963343,0.0005168502785569247,0.0006831142668357438
0.16,4.8931184060868445e-08,-1.7482628576979348e-08,1.1534499669871624e-07,0.0011101319157148558,0.0009692488340716744,0.0012510149973580372,0.0006249730217820236,0.0005378742977162794,0.0007120717458477678
0.17,5.102565416511634e-08,-1.8239247701721393e-08,1.2029055603195409e-07,0.0011527968851064272,0.0010065401792756163,0.001299053590937238,0.000649432570447133,0.0005583862980429615,0.0007404788428513045
0.18,5.3065206522016504e-08,-1.8976503599158293e-08,1.2510691664319131e-07,0.0011939867459538006,0.0010425416560604641,0.0013454318358471372,0.000673419975472879,0.0005784343008948964,0.0007684056500508616
0.19,5.505176691932678e-08,-1.969501796635117e-08,1.2979855180500473e-07,0.0012337719567625757,0.0010773144261141693,0.001390229487410982,0.0006969907278344047,0.0005980626520916998,0.0007959188035771096
0.2,5.698718619006753e-08,-2.039538990218923e-08,1.3436976228232428e-07,0.0012722190653006388,0.001110916298463602,0.0014335218321376757,0.0007201973493973075,0.0006173124905492604,0.0008230822082453547
0.21,5.8873243494736475e-08,-2.1078196847143553e-08,1.388246838366165e-07,0.0013093909544555542,0.0011434019364904764,0.001475379972420632,0.0007430898522761137,0.000636222068014527,0.0008499576365377003
0.22,6.071164941283943e-08,-2.1743995476851817e-08,1.431672943025307e-07,0.0013453470705651394,0.0011748230505002582,0.0015158710906300206,0.0007657161530774208,0.000654827023413849,0.0008766052827409926
0.23,6.250404888221486e-08,-2.239332253655237e-08,1.474014203009821e-07,0.0013801436357487337,0.0012052285770870167,0.0015550586944104508,0.0007881224614037563,0.0006731606292041,0.0009030842936034126
0.24,6.425202397597674e-08,-2.3026695645572636e-08,1.515307435975261e-07,0.0014138338455695033,0.0012346648463738316,0.001593002844765175,0.0008103536463692306,0.0006912540092549685,0.0009294532834834927
0.25,6.595709654741684e-08,-2.36446140595927e-08,1.555588071544264e-07,0.0014464680532036036,0.001263175738081582,0.0016297603683256253,0.0008324535835777512,0.000709136326783505,0.0009557708403719974
0.26,6.76207307422083e-08,-2.4247559402806288e-08,1.5948902088722289e-07,0.001478093941167216,0.0012908028272775082,0.0016653850550569238,0.0008544654859508005,0.0007268349422982034,0.0009820960296033977
0.27,6.924433539360804e-08,-2.483599636670695e-08,1.6332466715392304e-07,0.0015087566815486122,0.0013175855205710947,0.0016999278425261298,0.0008764322225234827,0.0007443755425250416,0.0010084889025219238
0.28,7.082926630626278e-08,-2.5410373376908238e-08,1.670689059894338e-07,0.001538499085604188,0.0013435611834540404,0.0017334369877543357,0.0008983966296638193,0.0007617822416921211,0.0010350110176355176
0.29,7.237682843168137e-08,-2.5971123237434953e-08,1.7072478010079767e-07,0.0015673617435011092,0.0013687652594201092,0.0017659582275821092,0.0009204018192816892,0.0007790776565699184,0.00106172598199346
0.3,7.388827794215151e-08,-2.6518663748971304e-08,1.7429521963327432e-07,0.0015953831549222885,0.0013932313814473184,0.0017975349283972585,0.0009424914886314275,0.0007962829564928508,0.0010887000207700042
0.31,7.536482421894404e-08,-2.705339829426418e-08,1.7778304673215226e-07,0.0016225998511900054,0.0014169914763776147,0.001828208226002396,0.0009647102363691678,0.0008134178893384082,0.0011160025833999274
0.32,7.680763173899368e-08,-2.7575716412494137e-08,1.811909798904815e-07,0.0016490465095115037,0.0014400758626870681,0.0018580171563359392,0.0009871038896547863,0.0008305007841686936,0.001143706995140879
0.33,7.821782188940073e-08,-2.808599433792817e-08,1.8452163811672964e-07,0.001674756059902028,0.0014625133421014812,0.0018869987777025746,0.001009719847320059,0.000847548530968333,0.0011718911636717849
0.34,7.959647469414107e-08,-2.8584595524899648e-08,1.877775449131818e-07,0.0016997597852975643,0.001484331285477887,0.0019151882851172416,0.001032607444482479,0.0008645765376452277,0.0012006383513197304
0.35000000000000003,8.094463046654691e-08,-2.9071871149691427e-08,1.9096113208278523e-07,0.0017240874153302168,0.0015055557133410236,0.00194261911731941,0.0010558183444886312,0.0008815986641850992,0.0012300380247921633
0.36,8.226329139342324e-08,-2.9548160588738977e-08,1.9407474337558546e-07,0.0017477672142033258,0.0015262113714352072,0.0019693230569714443,0.0010794069647463197,0.0008986271335461915,0.001260186795946448
0.37,8.355342304808188e-08,-3.00137918789431e-08,1.9712063797510686e-07,0.0017708260630706827,0.00154632180162578,0.001995330324515585,0.001103430943880638,0.0009156724185154827,0.0012911894692457934
0.38,8.481595583598216e-08,-3.0469082162161095e-08,2.0010099383412544e-07,0.0017932895372941365,0.0015659094084601508,0.0020206696661281224,0.001127951658764578,0.0009327431032807224,0.0013231602142484333
0.39,8.605178638100987e-08,-3.0914338108729957e-08,2.030179108707497e-07,0.001815181978926411,0.0015849955216763205,0.0020453684361765017,0.0011530348013800704,0.0009498457178503669,0.001356223884909774
0.4,8.726177884763566e-08,-3.1349856328547053e-08,2.0587341402381838e-07,0.0018365265647405358,0.0016036004549262507,0.002069452674554821,0.0011787510272263549,0.0009669845426099884,0.0013905175118427214
0.41000000000000003,8.84467662104087e-08,-3.177592376164876e-08,2.0866945618246616e-07,0.0018573453701041093,0.0016217435609626725,0.0020929471792455463,0.0012051766891950889,0.0009841613791586044,0.0014261919992315734
0.42,8.960755146302475e-08,-3.219281805996828e-08,2.114079209860178e-07,0.0018776594289750268,0.0016394432835203972,0.0021158755744296563,0.0012323946735878426,0.001001375282025597,0.0014634140651500881
0.43,9.074490877914971e-08,-3.2600807950081497e-08,2.1409062550838091e-07,0.0018974887902756495,0.0016567172061072184,0.0021382603744440807,0.0012604953584081629,0.0010186222438145222,0.0015023684730018035
0.44,9.185958462078141e-08,-3.300015358533357e-08,2.167193228268964e-07,0.0019168525708840212,0.0016735820979044823,0.00216012304386356,0.0012895777184098994,0.0010358948236197172,0.0015432606132000815
0.45,9.295229879852593e-08,-3.339110688507944e-08,2.192957044821313e-07,0.0019357690054639723,0.00169005395696372,0.0021814840539642246,0.0013197506068790238,0.001053181705054235,0.0015863195087038125
0.46,9.40237454868313e-08,-3.3773911860717377e-08,2.2182140283437998e-07,0.001954255493340344,0.001706148050872929,0.0022023629358077592,0.0013511342511014616,0.001070467165716504,0.0016318013364864192
0.47000000000000003,9.507459419703038e-08,-3.4148804928801326e-08,2.2429799332286208e-07,0.001972328642611226,0.0017218789550543336,0.002222778330168119,0.0013838620073652918,0.001087730434159576,0.0016799935805710076
0.48,9.61054907073049e-08,-3.451601521338137e-08,2.2672699662799115e-07,0.001990004311675737,0.0017372605888444324,0.0022427480345070415,0.0014180824327454061,0.0011049449030844805,0.0017312199624063317
0.49,9.711705795140774e-08,-3.487576483964766e-08,2.2910988074246314e-07,0.0020072976483436465,0.0017523062494970846,0.0022622890471902086,0.001453961745598721,0.0011220771581182663,0.0017858463330791756
0.5,9.81098968737313e-08,-3.522826921210286e-08,2.3144806295956544e-07,0.002024223126681728,0.0017670286442409366,0.0022814176091225193,0.0014916867656955058,0.0011390857695521193,0.0018442877618388923
0.51,9.908458724656126e-08,-3.557373728429268e-08,2.337429117774152e-07,0.002040794581741161,0.0017814399205137554,0.0023001492429685667,0.0015314684496249204,0.0011559197789684174,0.0019070171202814235
0.52,1.0004168845002967e-07,-3.5912371821287295e-08,2.3599574872134663e-07,0.00205702524230055,0.001795551694488125,0.0023184987901129746,0.001573546169432364,0.0011725167926189715,0.0019745755462457566
0.53,1.009817402250394e-07,-3.624436964705922e-08,2.3820785009713803e-07,0.0020729277617500125,0.0018093750779953842,0.0023364804455046407,0.0016181929249427728,0.001188800567132466,0.00204758528275308
0.54,1.0190526338897185e-07,-3.656992188800333e-08,2.40380448665947e-07,0.0020885142472332765,0.0018229207039475396,0.0023541077905190133,0.0016657217363833243,0.0012046779384324547,0.002126765534334194
0.55,1.0281276052461735e-07,-3.688921420446883e-08,2.425147352537035e-07,0.0021037962871567678,0.0018361987503501956,0.00237139382396334,0.0017164935384404733,0.001220034898638379,0.0022129521782425676
0.56,1.0370471663950257e-07,-3.720242701468111e-08,2.4461186029368627e-07,0.0021187849771670993,0.0018492189629930786,0.00238835099134112,0.0017709269960368664,0.00123473156414247,0.002307122427931263
0.5700000000000001,1.0458159979651433e-07,-3.750973571196047e-08,2.466729353049891e-07,0.0021334909446911014,0.0018619906768984412,0.002404991212483762,0.001829510794097199,0.0012485956956146734,0.0024104258925797244
0.58,1.0544386172011235e-07,-3.781131087168676e-08,2.4869903431191145e-07,0.0021479243721254622,0.0018745228366013834,0.002421325907649541,0.0018928191287830097,0.001261414320459476,0.0025242239371065433
0.59,1.0629193837569267e-07,-3.810731845311911e-08,2.506911952045045e-07,0.0021620950187559783,0.0018868240153297276,0.002437366022182229,0.0019615313584861464,0.001272922861852824,0.002650139855119469
0.6,1.0712625052515541e-07,-3.8397919993274266e-08,2.526504210435851e-07,0.0021760122414792734,0.0018989024331444015,0.0024531220498141453,0.0020364570721024323,0.0012827909869836175,0.002790123157221247
0.61,1.0794720426163811e-07,-3.8683272791945614e-08,2.5457768131522183e-07,0.002189685014392588,0.0019107659740943486,0.0024686040546908275,0.0021185682082955517,0.0012906041439167855,0.002946532272674318
0.62,1.0875519151728018e-07,-3.896353009506299e-08,2.5647391312962333e-07,0.002203121947309862,0.001922422202432753,0.0024838216921869707,0.002209040304706962,0.0012958394649134242,0.0031222411445005
0.63,1.0955059055582177e-07,-3.923884126573221e-08,2.583400223773758e-07,0.002216331303255326,0.0019338783779344572,0.002498784228576195,0.002309305417540671,0.001297834405347607,0.0033207764297337353
0.64,1.1033376644203669e-07,-3.9509351952005664e-08,2.6017688483607903e-07,0.0022293210149798514,0.0019451414703486889,0.002513500559611014,0.002421119568445286,0.0012957462611625783,0.0035464928757279936
0.65,1.1110507149128337e-07,-3.9775204249575514e-08,2.6198534723214223e-07,0.002242098700541529,0.0019562181730180344,0.0025279792280650235,0.0025466473422061458,0.0012885008188913078,0.0038047938655209838
0.66,1.1186484570286419e-07,-4.003653685655786e-08,2.6376622826228625e-07,0.002254671677991966,0.001967114915695873,0.002542228440288059,0.0026885645517756946,0.0012747294280240856,0.004102399675527304
0.67,1.1261341717606692e-07,-4.029348522235593e-08,2.655203195744898e-07,0.0022670469792146226,0.001977837876601566,0.002556256081827679,0.002850174744993449,0.001252697002959854,0.0044476524870270435
0.68,1.1335110250699057e-07,-4.05461816937076e-08,2.6724838670768876e-07,0.0022792313629712334,0.001988392993765611,0.002570069732176856,0.0030355228994504496,0.001220231344445591,0.004850814454455309
0.6900000000000001,1.1407820717187772e-07,-4.079475565315149e-08,2.6895116999690695e-07,0.0022912313272248235,0.0019987859757331075,0.0025836766787165396,0.003249463245836902,0.0011746810648816971,0.005324245426792107
0.7000000000000001,1.1479502589458051e-07,-4.1039333652716884e-08,2.706293854418779e-07,0.002303053120818476,0.002009022311707768,0.002597083929929184,0.0034975887828611464,0.0011129612162872927,0.005882216349435
0.71,1.1550184300025497e-07,-4.128003954222816e-08,2.722837255427381e-07,0.0023147027545921657,0.0020191072812234074,0.002610298227960924,0.0037858539782423917,0.0010317951151174588,0.006539912841367325
0.72,1.1619893275479311e-07,-4.151699459313497e-08,2.739148601027212e-07,0.002326186012011929,0.0020290459634208745,0.002623326060602983,0.004119647830127722,0.0009283099440812615,0.007310985716174183
0.73,1.1688655969172807e-07,-4.175031761693647e-08,2.7552343700039265e-07,0.002337508459366584,0.0020388432459860226,0.0026361736727471457,0.004502117057207343,0.0008011185903494113,0.008203115524065274
0.74,1.1756497892792215e-07,-4.1980125077705214e-08,2.7711008293354953e-07,0.00234867545556259,0.002048503833775121,0.002648847077350059,0.00493192437483492,0.0006517746100953318,0.009212074139574509
0.75,1.1823443646569394e-07,-4.2206531201781216e-08,2.786754041331691e-07,0.0023596921615251735,0.002058032257127523,0.002661352065922824,0.00540146157746684,0.0004859490704197354,0.010316974084513944
0.76,1.1889516948666513e-07,-4.242964808005999e-08,2.8021998705339024e-07,0.0023705635491996628,0.0020674328798487977,0.002673694218550528,0.005897201681561214,0.0003132427885787943,0.011481160574543634
0.77,1.1954740663344885e-07,-4.264958576715298e-08,2.817443990340507e-07,0.002381294410143004,0.0020767099068433503,0.002685878913442658,0.006403011382669422,0.00014509215462563292,0.012660930610713212
0.78,1.201913682843087e-07,-4.2866452373269056e-08,2.8324918894188647e-07,0.002391889363699991,0.0020858673913815937,0.0026979113360183883,0.006904814043636715,-8.21071943350217e-06,0.013817838806706933
0.79,1.2082726681726102e-07,-4.308035415270855e-08,2.847348877872306e-07,0.002402352864767079,0.002094909241997431,0.002709796487536727,0.007393709224955263,-0.00013952435025605878,0.014926942800166584
0.8,1.2145530686635808e-07,-4.3291395586908484e-08,2.8620200931962464e-07,0.0024126892111556316,0.00210383922902312,0.002721539193288143,0.007866292788974952,-0.00024507280896249317,0.015977658386912397
0.81,1.220756855719363e-07,-4.3499679460823576e-08,2.876510506046962e-07,0.0024229025505730496,0.0021126609907771068,0.0027331441103689924,0.008323196936900697,-0.00032351537721359014,0.016969909251014985
0.8200000000000001,1.2268859282328264e-07,-4.370530693440623e-08,2.890824925809715e-07,0.0024329968872441534,0.0021213780394255355,0.0027446157350627712,0.008767359737804112,-0.0003748413393668184,0.017909560814975044
0.8300000000000001,1.2329421149573944e-07,-4.390837760814437e-08,2.9049680059962325e-07,0.0024429760881965264,0.002129993766540177,0.002755958409852876,0.009202772905996488,-0.00039957820352606345,0.018805124015519037
0.84,1.238927176836183e-07,-4.410898958147981e-08,2.918944249487164e-07,0.002452843889233071,0.0021385114483753044,0.0027671763300908376,0.00963377248118202,-0.00039836467654637275,0.019665909638910413
0.85,1.244842809278584e-07,-4.43072395056487e-08,2.932758013613655e-07,0.002462603900613557,0.0021469342508846027,0.0027782735503425115,0.010064693078874774,-0.00037178394229296294,0.02050117010004251
0.86,1.2506906443962385e-07,-4.4503222630221996e-08,2.946413515094697e-07,0.002472259612465066,0.0021552652344972193,0.002789253990432913,0.010499706001940938,-0.0003203531184054788,0.021319765122287355
0.87,1.2564722532477888e-07,-4.469703283897886e-08,2.9599148348853665e-07,0.002481814399939287,0.002163507358670011,0.002800121441208563,0.0109427201314451,-0.00024460145605983974,0.02213004171895004
0.88,1.2621891480268895e-07,-4.488876268154199e-08,2.973265922869199e-07,0.0024912715281328293,0.002171663486231114,0.002810879570034545,0.011397274945982958,-0.0001451969447434174,0.02293974683670933
0.89,1.267842784272888e-07,-4.50785033940703e-08,2.986470602486479e-07,0.002500634156785086,0.002179736387528282,0.0028215319260418903,0.011866390444747245,-2.3090433481025296e-05,0.023755871322975516
0.9,1.273434563074545e-07,-4.526634491165376e-08,2.9995325752656274e-07,0.002509905344766958,0.0021877287443941382,0.0028320819451397774,0.012352368925618753,0.00012035829462076625,0.02458437955661674
0.91,1.278965833306873e-07,-4.5452375868823915e-08,3.012455425301985e-07,0.0025190880543724246,0.002195643153939166,0.0028425329548056833,0.01285657724931336,0.0002833188456950603,0.02542983565293166
0.92,1.2844378938834622e-07,-4.5636683590660177e-08,3.025242623673526e-07,0.0025281851554241996,0.002203482132182507,0.0028528881786658924,0.013379275029815967,0.0004635432795468287,0.026295006780085103
0.93,1.289851996058542e-07,-4.581935407111369e-08,3.0378975328282213e-07,0.0025371994292037047,0.0022112481175296664,0.002863150740877743,0.013919579523235259,0.0006585658779280305,0.02718059316854249
0.9400000000000001,1.2952093458076402e-07,-4.6000471935852454e-08,3.050423410973805e-07,0.0025461335722150326,0.0022189434741056897,0.0028733236703243755,0.014475646649212437,0.0008660335855880941,0.02808525971283678
0.9500000000000001,1.3005111062463027e-07,-4.618012039438364e-08,3.0628234164364417e-07,0.002554990199791841,0.002226570494951686,0.002883409904631996,0.015045083963531698,0.0010840894864785865,0.02900607844058481
0.96,1.305758400203482e-07,-4.635838116956967e-08,3.0751006121026607e-07,0.002563771849555671,0.0022341314050921767,0.002893412294019165,0.01562551611547284,0.0013116949525756628,0.029939337278370014
0.97,1.3109523128695977e-07,-4.6535334413278896e-08,3.0872579698719846e-07,0.002572480984733575,0.0022416283644801833,0.0029033336049869665,0.0162151529321926,0.0015487957101895638,0.030881510154195636
0.98,1.3160938945980956e-07,-4.671105860018444e-08,3.099298375198036e-07,0.002581119997342568,0.0022490634708266393,0.002913176523858497,0.01681321329268628,0.0017963035218879295,0.03183012306348463
0.99,1.3211841638894797e-07,-4.688563039725728e-08,3.111224631751532e-07,0.00258969121124796,0.0022564387623202984,0.0029229436601756215,0.017420128356063408,0.002055932862612594,0.03278432384951422
1.0,1.3262241105606817e-07,-4.705912450866745e-08,3.1230394662080377e-07,0.0025981968851021883,0.002263756220243925,0.0029326375499604514,0.01803753213277274,0.0023299612019233897,0.03374510306362209
1.01,1.3312146991525883e-07,-4.723161349132745e-08,3.134745533218451e-07,0.002606639215170464,0.00227101777149226,0.002942260658848668,0.018668096097428685,0.0026209685716280864,0.034715223623229284
1.02,1.3361568726046806e-07,-4.7403167538205676e-08,3.146345420591418e-07,0.0026150203380491165,0.0022782252909968894,0.0029518153851013436,0.019315266125184024,0.0029315800690463654,0.035698952181321686
1.03,1.3410515562284292e-07,-4.7573854226315953e-08,3.1578416547200176e-07,0.0026233423332822025,0.002285380604062829,0.002961304062501576,0.019982934072240586,0.0032642082507665163,0.036701659893714655
1.04,1.3458996620421324e-07,-4.7743738223518505e-08,3.16923670631945e-07,0.002631607225881621,0.0022924854886213586,0.0029707289631418833,0.02067504931572285,0.0036207838294542057,0.0377293148019915
1.05,1.3507020935034015e-07,-4.791288095051629e-08,3.1805329965119657e-07,0.002639816988755622,0.0022995416774032936,0.002980092300107951,0.021395167112596637,0.004002475582248203,0.03878785864294507
1.06,1.355459750690245e-07,-4.808134019307619e-08,3.1917329033112523e-07,0.0026479735450502906,0.002306550860036597,0.002989396230063984,0.022145951218020717,0.004409430534853969,0.03988247190118746
1.07,1.360173536008237e-07,-4.824916965699004e-08,3.202838768586375e-07,0.002656078770408261,0.0023135146850719367,0.0029986428557445856,0.022928696637008715,0.0048406014690778355,0.0410167918049396
1.08,1.3648443604561973e-07,-4.841641846246944e-08,3.213852905537089e-07,0.002664134495148663,0.002320434761939516,0.0030078342283578097,0.02374299308393303,0.0052937462893915925,0.042192239878474466
1.09,1.3694731505476864e-07,-4.858313056845644e-08,3.2247776067799375e-07,0.002672142506371893,0.002327312662840147,0.0030169723499036388,0.0245866655262106,0.005765653926330699,0.043407677126090505
1.1,1.374060855927876e-07,-4.874934412297723e-08,3.235615153085524e-07,0.0026801045499926287,0.0023341499245733196,0.003026059175411938,0.025456062427888813,0.006252569352802689,0.044659555502974936
1.11,1.3786084578052737e-07,-4.891509072761784e-08,3.246367822886726e-07,0.0026880223327041142,0.0023409480503046604,0.003035096615103568,0.026346627960065455,0.0067507001559915306,0.04594255576413938
1.12,1.3831169782097299e-07,-4.908039461518371e-08,3.2570379025712966e-07,0.0026958975238764713,0.0023477085112748874,0.0030440865364780552,0.027253577639427116,0.007256656568236687,0.047250498710617546
1.1300000000000001,1.3875874901943474e-07,-4.924527172868677e-08,3.2676276976755625e-07,0.002703731757391587,0.0023544327484521467,0.0030530307663310273,0.028172482910085072,0.007767726675917332,0.04857723914425281
1.1400000000000001,1.3920211290190905e-07,-4.940972869815792e-08,3.2781395450197604e-07,0.0027115266334167094,0.002361122174129207,0.003061931092704212,0.029099650710001458,0.00828196714606325,0.04991733427393967
1.1500000000000001,1.3964191043572112e-07,-4.9573761711365875e-08,3.288575825828081e-07,0.002719283720118747,0.00236777817346683,0.003070789266770664,0.0300322749518073,0.008798136109267867,0.05126641379434674
1.16,1.400782713559911e-07,-4.973735527478769e-08,3.298938979867699e-07,0.002727004555320937,0.0023744021059842963,0.003079607004657578,0.030968380579592784,0.009315501329993071,0.052621259829192496
1.17,1.40511335597682e-07,-4.990048086561228e-08,3.3092315206097626e-07,0.0027346906481033532,0.0023809953069978667,0.0030883859892088398,0.03190659000925433,0.00983355520559323,0.05397962481291543
1.18,1.409412548221084e-07,-5.00630954862158e-08,3.319456051304326e-07,0.002742343480348454,0.0023875590890076763,0.003097127871689232,0.03284575374671635,0.01035168082138057,0.055339826672052124
1.19,1.4136819403312641e-07,-5.022514012620385e-08,3.329615281924567e-07,0.0027499645082327794,0.0023940947430334636,0.003105834273432095,0.033784516981001954,0.01086883681790415,0.056700197144099754
1.2,1.4179233325544417e-07,-5.03865381604714e-08,3.3397120467135974e-07,0.0027575551636656336,0.002400603539899263,0.003114506787432004,0.03472093028544157,0.011383346406783061,0.05805851416410008
1.21,1.4221386924912677e-07,-5.054719370985437e-08,3.3497493220810793e-07,0.0027651168556755944,0.0024070867314672033,0.0031231469798839854,0.0356522294833741,0.011892868489073647,0.05941159047767455
1.22,1.4263301721459e-07,-5.070699001135024e-08,3.3597302444053026e-07,0.0027726509717455453,0.002413545551820413,0.0031317563916706775,0.03657487891422886,0.012394582547744962,0.06075517528071275
1.23,1.4305001243129472e-07,-5.0865787855951326e-08,3.369658127185408e-07,0.0027801588790969294,0.0024199812183950706,0.003140336539798788,0.03748488347962378,0.012885540213322163,0.0620842267459254
1.24,1.4346511176089353e-07,-5.102342416516046e-08,3.379536476869475e-07,0.0027876419259240033,0.0024263949330617283,0.0031488889187862783,0.038378262232299364,0.01336306415803518,0.06339346030656355
1.25,1.4387859492421067e-07,-5.117971079872149e-08,3.3893690064714283e-07,0.002795101442578921,0.002432787883156158,0.0031574150020016838,0.03925151100224586,0.013825059930634327,0.0646779620738574
1.26,1.442907654609215e-07,-5.133443368681832e-08,3.399159646086613e-07,0.0028025387427087086,0.002439161242460212,0.003165916242957205,0.040101910502968005,0.014270161697438263,0.06593365930849775
1.27,1.447019512671968e-07,-5.1487352393984534e-08,3.4089125492837815e-07,0.0028099551243453264,0.0024455161721334343,0.0031743940765572186,0.04092763148104745,0.01469771597330943,0.06715754698878547
1.28,1.4511250461413876e-07,-5.1638200213903996e-08,3.418632094421815e-07,0.002817351870950434,0.0024518538215966045,0.003182849920304263,0.041727676914538527,0.015107662508424043,0.068347691320653
1.29,1.4552280156855585e-07,-5.178668487551899e-08,3.428322880126307e-07,0.002824730252416692,0.002458175329368731,0.0031912851754646527,0.042501737038102075,0.015500379172761945,0.0695030949034422
1.3,1.459332407715587e-07,-5.193248990623353e-08,3.4379897144935095e-07,0.002832091526027855,0.0024644818238594916,0.0031997012281962185,0.04325002227621822,0.015876536062153907,0.07062350849028254
1.31,1.4634424158236258e-07,-5.207527664467732e-08,3.4476375980940245e-07,0.0028394369373803963,0.002470774424119703,0.0032080994506410894,0.04397311139181274,0.016236978393002154,0.07170924439062332
1.32,1.4675624166165756e-07,-5.221468682785577e-08,3.457271701511709e-07,0.002846767721269653,0.002477054240552752,0.003216481201986554,0.04467182861982405,0.016582640804617823,0.07276101643503027
1.33,1.4716969415184991e-07,-5.235034559226129e-08,3.466897338959611e-07,0.002854085102544089,0.0024833223755905795,0.003224847829497598,0.04534715034900895,0.016914488235129532,0.07377981246288837
1.34,1.4758506468069355e-07,-5.248186465840026e-08,3.476519940197873e-07,0.0028613902969315376,0.0024895799243381993,0.003233200669524876,0.04600013677013623,0.01723347688510689,0.07476679665516557
1.35,1.480028284816564e-07,-5.260884539964593e-08,3.486145023629587e-07,0.002868684511841686,0.0024958279751911543,0.0032415410484922177,0.046631883000805896,0.017540529558716298,0.0757232364428955
1.36,1.48423467955352e-07,-5.273088146530195e-08,3.49577817376006e-07,0.0028759689471494166,0.002502067610430767,0.0032498702838680664,0.04724348488948896,0.017836521023775417,0.0766504487552025
1.37,1.4884747098159514e-07,-5.2847560642078837e-08,3.505425026052691e-07,0.00288324479596383,0.0025082999068022508,0.0032581896851254094,0.04783601572410499,0.018122270245620506,0.07754976120258947
1.3800000000000001,1.4927533024005287e-07,-5.295846569154767e-08,3.515091261716534e-07,0.0028905132453880735,0.002514525936081126,0.003266500554695021,0.04841051097745498,0.018398537266580178,0.07842248468832978
1.3900000000000001,1.4970754369061102e-07,-5.306317400970644e-08,3.524782613909285e-07,0.0028977754772752575,0.0025207467656335257,0.0032748041889169893,0.04896795892678372,0.01866602315762739,0.07926989469594005
1.4000000000000001,1.5014461623913835e-07,-5.31612560829613e-08,3.53450488561238e-07,0.0029050326689859097,0.002526963458976187,0.0032831018789956324,0.04950929551536823,0.018925371932269678,0.08009321909846678
1.41,1.505870624637753e-07,-5.325227286818409e-08,3.544263977957347e-07,0.0029122859941527394,0.002533177076342256,0.003291394911963223,0.05003540222520462,0.019177173643635866,0.08089363080677336
1.42,1.5103541014642498e-07,-5.333577235795521e-08,3.5540659265080517e-07,0.0029195366234585746,0.002539388675259152,0.003299684571657997,0.050547106036940376,0.019421968124229708,0.08167224394965104
1.43,1.5149020423841914e-07,-5.341128570995742e-08,3.563916941867957e-07,0.002926785725433801,0.002545599311145235,0.003307972139722367,0.051045180790016846,0.019660249000347935,0.08243011257968576
1.44,1.5195201081260844e-07,-5.3478323397401155e-08,3.5738234502261803e-07,0.0029340344672800635,0.0025518100379325194,0.0033162588966276075,0.05153034943856158,0.019892467737473975,0.08316823113964919
1.45,1.5242142052045092e-07,-5.3536371872696966e-08,3.5837921291359884e-07,0.0029412840157274434,0.002558021908723202,0.003324546122731685,0.052003286838401656,0.02011903756164103,0.08388753611516228
1.46,1.528990510764574e-07,-5.358489123175159e-08,3.593829933846664e-07,0.0029485355379332105,0.00256423597648876,0.003332835099377661,0.05246462280653507,0.02034033716408066,0.08458890844898947
1.47,1.5338554834265802e-07,-5.362331431579043e-08,3.6039441100110646e-07,0.0029557902024308826,0.0025704532948211353,0.00334112711004063,0.05291494527369344,0.020556714139439394,0.08527317640794749
1.48,1.5388158567013759e-07,-5.365104760114743e-08,3.614142189414226e-07,0.0029630491801394183,0.002576674918746755,0.0033494234415320815,0.053354803409160344,0.020768488136764546,0.08594111868155614
1.49,1.543878612867945e-07,-5.366747409309636e-08,3.6244319666668535e-07,0.002970313645443183,0.0025829019056150893,0.0033577253852712765,0.05378471063959393,0.020975953721327253,0.08659346755786061
1.5,1.5490509368053257e-07,-5.367195827643271e-08,3.634821456374979e-07,0.0029775847773544405,0.002589135316074706,0.003366034238634175,0.05420514751411023,0.02117938295714223,0.08723091207107822
1.51,1.554340151212553e-07,-5.366385297758157e-08,3.645318832200922e-07,0.0029848637607709184,0.0025953762151507045,0.0033743513063911323,0.054616564389371215,0.021379027726943826,0.08785410105179861
1.52,1.559753636686176e-07,-5.364250778568265e-08,3.6559323512291784e-07,0.0029921517878419126,0.0026016256734383994,0.0033826779022454257,0.05501938392325517,0.021575121809962426,0.08846364603654791
1.53,1.5652987420662702e-07,-5.3607278481385726e-08,3.6666702689463974e-07,0.002999450059456903,0.0026078847684287004,0.003391015350485105,0.055414003375675716,0.021767882739239894,0.08906012401211154
1.54,1.5709826919404206e-07,-5.3557536772200677e-08,3.677540751602848e-07,0.0030067597868712152,0.0026141545859812002,0.0033993649877612302,0.05580079672161846,0.021957513460215225,0.0896440799830217
1.55,1.5768124989621726e-07,-5.3492679554247236e-08,3.6885517934668176e-07,0.0030140821934834393,0.0026204362219610887,0.00340772816500579,0.05618011658549639,0.022144203811450283,0.0902160293595425
1.56,1.582794888420773e-07,-5.3412136942932395e-08,3.69971114627087e-07,0.00302141851677944,0.002626730784056086,0.003416106249502794,0.05655229600822478,0.022328131847015813,0.09077646016943375
1.57,1.5889362412915334e-07,-5.331537843802085e-08,3.711026266963275e-07,0.0030287700104577398,0.0026330393937893837,0.003424500627126096,0.056917650059531956,0.022509465018474097,0.09132583510058981
1.58,1.5952425599813025e-07,-5.3201916794350716e-08,3.722504287906112e-07,0.0030361379467510326,0.0026393631887444337,0.0034329127047576314,0.05727647730833901,0.02268836123273158,0.09186459338394645
1.59,1.6017194584129732e-07,-5.307130943109077e-08,3.734152011136854e-07,0.003043523618958547,0.0026457033250172593,0.0034413439128998346,0.057629061163840145,0.022864969800396186,0.09239315252728411
1.6,1.6083721755668243e-07,-5.2923157470694347e-08,3.745975925840592e-07,0.0030509283442041275,0.002652060979911988,0.003449795708496267,0.05797567109939324,0.023039432287721616,0.09291190991106488
1.61,1.6152056093688435e-07,-5.275710272567756e-08,3.7579822459944626e-07,0.0030583534664353528,0.0026584373548956906,0.003458269577975015,0.05831656377062131,0.02321188328378352,0.0934212442574591
1.62,1.6222243663957875e-07,-5.25728230963415e-08,3.77017696375499e-07,0.0030658003596795887,0.002664833678829159,0.0034667670405300185,0.058651984038327526,0.023382451093231317,0.09392151698342374
1.6300000000000001,1.6294328221166765e-07,-5.2370026919366544e-08,3.782565913427018e-07,0.00307327043157401,0.0026712512114914332,0.0034752896516565867,0.05898216590599903,0.02355125836379241,0.09441307344820565
1.6400000000000001,1.6368351864924273e-07,-5.214844679670445e-08,3.795154840951899e-07,0.0030807651271878515,0.0026776912474171777,0.003483839006958525,0.05930733338086202,0.023718422656674343,0.0948962441050497
1.6500000000000001,1.6444355703648136e-07,-5.190783337255071e-08,3.807949474455134e-07,0.0030882859331567785,0.0026841551200677658,0.003492416746245791,0.059627701266675326,0.023884056967103537,0.09537134556624711
1.6600000000000001,1.6522380490687588e-07,-5.164794942347104e-08,3.820955592372228e-07,0.003095834382150864,0.0026906442063586392,0.0035010245579430886,0.05994347589573153,0.024048270201451664,0.09583868159001138
1.67,1.6602467207222778e-07,-5.136856452314806e-08,3.834179086676036e-07,0.0031034120576993967,0.002697159931567331,0.0035096641838314627,0.060254855806876985,0.024211167616716565,0.09629854399703741
1.68,1.6684657577516464e-07,-5.106945043092511e-08,3.847626019812544e-07,0.0031110205993968563,0.0027037037746476655,0.003518337424146047,0.06056203237577214,0.024372851227540515,0.09675121352400376
1.69,1.676899451014649e-07,-5.075037727083203e-08,3.861302674737618e-07,0.0031186617085153627,0.0027102772739764727,0.0035270461430542527,0.060865190403090026,0.02453342018544854,0.09719696062073152
1.7,1.6855522465690733e-07,-5.041111049838412e-08,3.875215598121988e-07,0.0031263371540485164,0.0027168820335584233,0.0035357922745386096,0.06116450866589163,0.02469297113456908,0.0976360461972142
1.71,1.694428775578788e-07,-5.005140860698299e-08,3.8893716372274057e-07,0.0031340487792103854,0.002723519729712808,0.0035445778287079626,0.06146016043702143,0.024851598547748863,0.098068722326294
1.72,1.703533878117373e-07,-4.967102149849569e-08,3.9037779712197024e-07,0.003141798508410254,0.00273019211826195,0.003553404898558558,0.061752313977030224,0.02500939504668749,0.09849523290737296
1.73,1.7128726217421534e-07,-4.926968943141903e-08,3.918442137798497e-07,0.0031495883547187943,0.0027369010422345456,0.003562275667203043,0.062041133002855006,0.025166451709489862,0.09891581429622015
1.74,1.7224503157424342e-07,-4.884714245642434e-08,3.933372056049112e-07,0.003157420427833984,0.0027436484400879466,0.0035711924155800217,0.06232677713726084,0.025322858368860383,0.09933069590566129
1.75,1.7322725219214075e-07,-4.840310025401791e-08,3.9485760463829943e-07,0.0031652969425447096,0.0027504363544403896,0.0035801575306490295,0.06260940234288323,0.025478703904043144,0.09974010078172332
1.76,1.7423450626672216e-07,-4.79372723001332e-08,3.964062848335775e-07,0.003173220227676671,0.0027572669412875904,0.0035891735140657515,0.06288916134459022,0.025634076529538398,0.10014424615964204
1.77,1.7526740269861303e-07,-4.744935829263132e-08,3.979841636898574e-07,0.003181192735487961,0.002764142479656756,0.0035982429913191663,0.06316620404382396,0.02578906408360597,0.10054334400404195
1.78,1.763265775054871e-07,-4.6939048785365014e-08,3.9959220379633923e-07,0.0031892170514606437,0.002771065381625073,0.0036073687212962143,0.0634406779285711,0.025943754319592525,0.10093760153754966
1.79,1.7741269417506872e-07,-4.64060259851281e-08,4.0123141433526553e-07,0.0031972959044093917,0.0027780382025985742,0.0036165536062202092,0.06371272848266285,0.026098235203202397,0.1013272217621233
1.8,1.785264439516357e-07,-4.584996467769119e-08,4.029028525809626e-07,0.0032054321767984962,0.002785063651710706,0.0036258007018862863,0.0639824995982165,0.02625259521896805,0.10171240397746495
1.81,1.7966854608695237e-07,-4.527053325467153e-08,4.0460762542857626e-07,0.003213628915124893,0.002792144602158496,0.00363511322809129,0.06425013399520886,0.026406923689375916,0.1020933443010418
1.82,1.808397480772641e-07,-4.466739482127805e-08,4.063468909758063e-07,0.0032218893401873574,0.002799284101248147,0.0036444945791265677,0.06451577365242725,0.02656131111037109,0.10247023619448341
1.83,1.820408259015828e-07,-4.404020837271123e-08,4.081218601758768e-07,0.003230216857021743,0.0028064853798723706,0.003653948334171115,0.06477956025438192,0.02671584950731023,0.1028432710014536
1.84,1.83272584277308e-07,-4.338863002560287e-08,4.0993379858021887e-07,0.0032386150642408724,0.0028137518610909717,0.003663478267390773,0.06504163565920107,0.02687063281586685,0.10321263850253529
1.85,1.8453585693981687e-07,-4.2712314300659685e-08,4.117840281802934e-07,0.0032470877624773686,0.0028210871674364353,0.003673088357518302,0.06530214239307912,0.02702575729293242,0.10357852749322582
1.86,1.8583150695374573e-07,-4.201091545143381e-08,4.1367392935892527e-07,0.0032556389615917554,0.002828495126521676,0.003682782796661835,0.06556122417752935,0.027181321963214614,0.1039411263918441
1.87,1.8716042706107587e-07,-4.1284088837161165e-08,4.156049429593129e-07,0.003264272886280373,0.002835979774492261,0.0036925659980684847,0.06581902649653018,0.0273374291080375,0.10430062388502287
1.8800000000000001,1.8852354006823883e-07,-4.053149234002091e-08,4.1757857247649856e-07,0.003272993979703172,0.0028435453568464576,0.0037024426025598863,0.06607569721167367,0.027494184803816768,0.10465720961953057
1.8900000000000001,1.8992179927531007e-07,-3.975278782682406e-08,4.195963863774442e-07,0.003281806904755388,0.0028511963261496137,0.0037124174833611627,0.06633138723466707,0.02765169951885428,0.10501107495047986
1.9000000000000001,1.9135618894662825e-07,-3.894764265832794e-08,4.216600205515844e-07,0.0032907165426354274,0.002858937336201769,0.003722495749069086,0.06658625126803969,0.027810088778503203,0.10536241375757617
1.9100000000000001,1.928277248256617e-07,-3.8115731246237294e-08,4.237711808975607e-07,0.0032997279884189974,0.0028667732322850735,0.0037326827445529212,0.06684044862673008,0.0279694739104522,0.10571142334300795
1.92,1.9433745469342972e-07,-3.7256736661003676e-08,4.259316460478631e-07,0.0033088465434404075,0.0028747090372251145,0.0037429840496557005,0.06709414415542855,0.028129982883912816,0.10605830542694429
1.93,1.9588645896854907e-07,-3.637035229486848e-08,4.281432702319666e-07,0.003318077704407477,0.002882749933149393,0.0037534054756655608,0.06734750925921444,0.028291751258946077,0.1064032672594828
1.94,1.9747585135221274e-07,-3.545628357910522e-08,4.3040798628353073e-07,0.0033274271493344957,0.002890901239014324,0.0037639530596546675,0.06760072306825182,0.028454923265112744,0.1067465228713909
1.95,1.991067795154211e-07,-3.451424976008641e-08,4.3272780879092864e-07,0.003336900720561707,0.002899168384191517,0.003774633056931897,0.06785397376121027,0.02861965303217761,0.10708829449024293
1.96,2.0078042582769586e-07,-3.354398573675762e-08,4.351048373921493e-07,0.0033465044053284866,0.0029075568786410284,0.003785451932015945,0.06810746007680385,0.028786105999865128,0.10742881415374257
1.97,2.0249800812882256e-07,-3.254524395939209e-08,4.375412602170372e-07,0.003356244314565228,0.0029160722804350437,0.0037964163486954123,0.0683613930485694,0.028954460538794545,0.10776832555834426
1.98,2.0426078054158707e-07,-3.1517796392829905e-08,4.4003935747600405e-07,0.003366126660746721,0.002924720161606892,0.00380753315988655,0.06861599800493971,0.02912490982088583,0.10810708618899359
1.99,2.0607003432790324e-07,-3.0461436542144434e-08,4.426015051979509e-07,0.003376157735787303,0.0029335060734631156,0.0038188093981114902,0.06887151688506016,0.029297663984918197,0.10844536978520211
2.0,2.0792709878346732e-07,-2.9375981546355013e-08,4.452301791132897e-07,0.0033863438900372024,0.002942435512588603,0.003830252267485802,0.0691282109309324,0.02947295265175527,0.10878346921010952
2.0100000000000002,2.0983334217672069e-07,-2.8261274333288544e-08,4.479279586867299e-07,0.0033966915134459956,0.0029515138887794886,0.0038418691381125027,0.06938636382867175,0.029651027854255163,0.10912169980308833
2.02,2.1179017272800688e-07,-2.7117185839488954e-08,4.506975312955027e-07,0.0034072070198873775,0.002960746496048712,0.003853667543726043,0.06964628538628462,0.02983216745928613,0.1094604033132831
2.0300000000000002,2.1379903963040817e-07,-2.5943617291420227e-08,4.5354169655223656e-07,0.003417896835492274,0.00297013848766826,0.003865655183316288,0.0699083158527496,0.030016679173746383,0.10979995253175283
2.04,2.158614341132659e-07,-2.474050254500984e-08,4.5646337077154166e-07,0.003428767391626867,0.0029796948559548215,0.0038778399272989122,0.07017283100360895,0.030204905243113048,0.11014075676410486
2.05,2.179788905475531e-07,-2.35078104809488e-08,4.5946559157605495e-07,0.00343982512289914,0.0029894204171968123,0.003890229828601468,0.07044024814186117,0.030397227969658783,0.11048326831406356
2.06,2.2015298759405092e-07,-2.2245547450774997e-08,4.6255152263887686e-07,0.0034510764703065784,0.002999319801790128,0.0039028331388230287,0.07071103318945121,0.03059407619747552,0.1108279901814269
2.07,2.2238534939570646e-07,-2.0953759767363003e-08,4.657244585587759e-07,0.0034625278893750866,0.0030093974493293324,0.003915658329420841,0.07098570907315865,0.030795932931453475,0.11117548521486384
2.08,2.246776468134362e-07,-1.9632536234409816e-08,4.689878298612822e-07,0.0034741858629086107,0.0030196576081187206,0.003928714117698501,0.07126486563700946,0.031003344274638918,0.11152638699938
2.09,2.2703159870625746e-07,-1.8282010707035674e-08,4.723452081195506e-07,0.0034860569177878964,0.0030301043383450794,0.003942009497230713,0.07154917133711035,0.031216929877883284,0.11188141279633741
2.1,2.2944897325890948e-07,-1.690236467183146e-08,4.758003111896504e-07,0.0034981476451355275,0.003040741518003327,0.003955553772267729,0.07183938698585181,0.03143739508845751,0.1122413788832461
2.11,2.3193158935428017e-07,-1.5493829839740663e-08,4.79357008548301e-07,0.003510464723105348,0.0030515728505906684,0.003969356595620028,0.07213638179614149,0.031665544944948436,0.11260721864733453
2.12,2.344813179942526e-07,-1.4056690737390903e-08,4.830193267258961e-07,0.003523014941552875,0.0030626018735789044,0.003983428009526845,0.07244115190726054,0.031902300068190864,0.11298000374633022
2.13,2.3710008376940043e-07,-1.2591287284180552e-08,4.867914548229814e-07,0.0035358052278898424,0.003073831966726699,0.003997778489052985,0.07275484140850583,0.03214871429850177,0.11336096851850988
2.14,2.3978986637884713e-07,-1.10980173408118e-08,4.906777500985061e-07,0.0035488426735081923,0.0030852663593891956,0.0040124189876271895,0.07307876554118808,0.03240599355528516,0.11375153752709101
2.15,2.425527022005818e-07,-9.57733921411097e-09,4.946827436152747e-07,0.003562134560263299,0.003096908136105456,0.004027360984421142,0.07341443512979691,0.03267551472562411,0.11415335553396971
2.16,2.453906859143071e-07,-8.029774100290263e-09,4.988111459289045e-07,0.003575688386620785,0.003108760239880275,0.004042616533361295,0.07376358016246708,0.032958842225512194,0.11456831809942196
2.17,2.4830597217985377e-07,-6.4559084463851444e-09,5.030678528060926e-07,0.0035895118931859042,0.003120825472714031,0.0040581983136577775,0.07412816846942535,0.03325773790016652,0.11499859903868419
2.18,2.5130077736885563e-07,-4.856396214037134e-09,5.074579509517484e-07,0.003603613087441243,0.0031331064930632435,0.004074119681819243,0.07451041209544677,0.03357415664050748,0.11544666755038607
2.19,2.5437738135510735e-07,-3.231961020691668e-09,5.119867237309064e-07,0.0036180002676126127,0.003145605810029759,0.004090394725195467,0.07491274843758196,0.033910214795698994,0.11591528207946492
2.2,2.5753812936308597e-07,-1.5833981384438124e-09,5.166596568646157e-07,0.0036326820456620917,0.0031583257741754317,0.004107038317148752,0.07533777460269023,0.034268110447182254,0.1164074387581982
2.21,2.6078543387694946e-07,8.842367257882862e-11,5.214824440813201e-07,0.003647667369469994,0.0031712685649407458,0.004124066173999242,0.07578810145591006,0.03464996403573168,0.11692623887608844
2.22,2.6412177661252483e-07,1.7825605206323766e-09,5.264609927044173e-07,0.0036629655443153586,0.003184436174711765,0.004141494913918952,0.0762660813831059,0.035057538340258244,0.11747462442595355
2.23,2.675497105525114e-07,3.497991950428052e-09,5.316014291545946e-07,0.0036785862537984633,0.003197830389631907,0.00415934211796502,0.07677336266829554,0.03549180092664565,0.11805492440994543
2.24,2.7107186204903493e-07,5.2336197491484964e-09,5.369101043489214e-07,0.0036945395803710747,0.0032114527672963307,0.004177626393445819,0.07731026139944552,0.03595233684448599,0.11866818595440506
2.25,2.7469093299437764e-07,6.988267012390767e-09,5.423935989763645e-07,0.0037108360256527264,0.0032253046115000386,0.004196367439805414,0.07787505643490063,0.03643673586175754,0.11931337700804372
2.2600000000000002,2.7840970306190027e-07,8.760677493310348e-09,5.480587286304901e-07,0.0037274865307162326,0.0032393869442389716,0.004215586117193494,0.07846349924658248,0.036940248575368866,0.11998674991779609
2.27,2.8223103202036833e-07,1.0549515257600334e-08,5.539125487831363e-07,0.003744502496524755,0.0032537004751889156,0.004235304517860594,0.07906894896647212,0.03745608158362903,0.12068181634931521
2.2800000000000002,2.8615786212360475e-07,1.2353364664850985e-08,5.599623595823585e-07,0.0037618958046975676,0.0032682455689121374,0.004255546040482998,0.07968334931958795,0.037976465270059885,0.12139023336911603
2.29,2.901932205774272e-07,1.4170730694120076e-08,5.662157104607343e-07,0.003779678838773377,0.0032830222100679127,0.004276335467478841,0.08029873883658192,0.03849411778545811,0.12210335988770574
2.3000000000000003,2.9434022208790755e-07,1.6000039631923603e-08,5.726804045438915e-07,0.0037978645061297377,0.0032980299669319053,0.00429769904532757,0.08090858637110637,0.039003415353863126,0.12281375738834963
2.31,2.986020714918449e-07,1.7839640134355225e-08,5.793645028493346e-07,0.0038164662607050827,0.0033132679535611094,0.004319664567849056,0.0815084178479948,0.039500827209776525,0.12351600848621308
2.32,3.029820664740004e-07,1.968780467541387e-08,5.86276328272587e-07,0.003835498126657155,0.0033287347909766313,0.004342261462337679,0.08209573128159971,0.039984694808618965,0.12420676775458045
2.33,3.074836003723245e-07,2.1542731386556006e-08,5.93424469358093e-07,0.0038549747230779644,0.0033444285677752825,0.004365520878380646,0.08266953666899562,0.04045471346599544,0.12488435987199581
2.34,3.1211016507585585e-07,2.340254629126735e-08,6.008177838604443e-07,0.0038749112898713188,0.003360346800622644,0.004389475779119994,0.08322984160772498,0.04091141522406511,0.12554826799138485
2.35,3.1686535401746776e-07,2.5265305931927912e-08,6.084654021030076e-07,0.0038953237148842234,0.003376486395123565,0.004414161034644882,0.08377723941261626,0.041355780176347,0.12619869864888553
2.36,3.217528652646359e-07,2.7129000381823796e-08,6.16376730147448e-07,0.003916228562368299,0.003392843607609855,0.004439613517126744,0.08431262902133453,0.041788985949327444,0.1268362720933416
2.37,3.2677650471253173e-07,2.8991556630844175e-08,6.245614527942192e-07,0.003937643102831273,0.0034094140084269496,0.004465872197235597,0.08483704223430562,0.0422122619005838,0.12746182256802743
2.38,3.319401893824748e-07,3.085084232734824e-08,6.330295364376014e-07,0.003959585344321893,0.00342619244733971,0.004492978241304076,0.08535154447751087,0.04262681151057345,0.12807627744444827
2.39,3.372479508284472e-07,3.2704669852138456e-08,6.417912318047559e-07,0.003982074065173291,0.003443173021708961,0.004520975108637621,0.08585718177962759,0.043033775696785785,0.1286805878624694
2.4,3.427039386581671e-07,3.455080069960966e-08,6.508570766167246e-07,0.004005128848210517,0.0034603490481128047,0.004549908648308228,0.08635495543500456,0.04343421944572994,0.12927569142427917
2.41,3.483124241696414e-07,3.6386950129507973e-08,6.602378982097748e-07,0.004028770116406201,0.0034777130380961325,0.004579827194716269,0.08684581274390685,0.04382913118556914,0.12986249430224456
2.42,3.540778041099281e-07,3.821079205396964e-08,6.699448161658865e-07,0.00405301916994459,0.003495256678725896,0.004610781661163284,0.08733064685644998,0.0442194288049104,0.13044186490798956
2.43,3.6000460455824656e-07,4.00199641153727e-08,6.799892450011204e-07,0.004077898224627295,0.0035129708186052494,0.004642825630649341,0.08781030164393741,0.044605968918267666,0.13101463436960714
2.44,3.660974849397507e-07,4.1812072910137564e-08,6.903828969693639e-07,0.004103430451523598,0.0035308454599544794,0.0046760154430927165,0.08828557927609464,0.044989557552332374,0.13158160099985688
2.45,3.7236124217396176e-07,4.3584699308314245e-08,7.011377850396093e-07,0.004129640017733655,0.0035488697572995834,0.004710410278167727,0.08875724923005979,0.04537096133102447,0.1321435371290951
2.46,3.7880081496199233e-07,4.533540381580751e-08,7.122662261081772e-07,0.0041565521280927924,0.0035670320232192806,0.004746072232966304,0.0892260580770755,0.04575091874906838,0.13270119740508263
2.47,3.8542128821889214e-07,4.706173192642204e-08,7.237808445113622e-07,0.00418419306759944,0.003585319741490181,0.004783066393708699,0.08969273975594343,0.046130151406313234,0.1332553281055736
2.48,3.9222789765571103e-07,4.8761219408124346e-08,7.356945759032977e-07,0.004212590244296014,0.0036037195878394625,0.004821460900752566,0.09015802624793576,0.04650937521988882,0.1338066772759827
2.49,3.992260345171319e-07,5.043139746878551e-08,7.480206715654783e-07,0.004241772232270953,0.003622217458370007,0.004861327006171899,0.09062265867038506,0.046889311686312704,0.13435600565445743
2.5,4.0642125047886673e-07,5.2069797745867164e-08,7.607727032118663e-07,0.004271768814379255,0.003640798505570186,0.004902739123188323,0.09108739882975052,0.04727069924977522,0.1349040984097258
2.5100000000000002,4.138192627134468e-07,5.36739570703493e-08,7.739645683565443e-07,0.004302611024197322,0.0036594471816677834,0.0049457748667268596,0.09155304122057853,0.04765430474314986,0.1354517776980072
2.52,4.21425959128459e-07,5.524142195325996e-08,7.87610496303658e-07,0.00433433118663395,0.003678147288944102,0.004990515084323798,0.09202042530405148,0.04804093468202592,0.13599991592607705
2.5300000000000002,4.2924740378421514e-07,5.676975274912674e-08,8.017250548193035e-07,0.004366962956511655,0.0036968820365008144,0.005037043876522495,0.09249044760506511,0.048431445865252776,0.13654944934487745
2.54,4.37289842497433e-07,5.825652745458675e-08,8.163231575402793e-07,0.004400541354309328,0.003715634102879162,0.005085448605739495,0.09296407266008744,0.048826754201531625,0.13710139111864325
2.5500000000000003,4.4555970863864736e-07,5.969934510511196e-08,8.314200721721827e-07,0.004435102798117175,0.0037343857038795265,0.005135819892354823,0.09344234103425034,0.04922783985522776,0.1376568422132729
2.56,4.5406362912917285e-07,6.109582873793621e-08,8.470314295204095e-07,0.004470685130696063,0.003753118664928302,0.005188251596463824,0.09392637140141767,0.049635745603475424,0.13821699719935993
2.57,4.6280843064642714e-07,6.244362789520127e-08,8.63173233397653e-07,0.004507327640354988,0.003771814497396508,0.005242840783313468,0.09441735198857096,0.05005156370371563,0.13878314027342628
2.58,4.718011460451802e-07,6.374042064760264e-08,8.798618714427578e-07,0.004545071074160173,0.003790454478395043,0.005299687669925304,0.09491651464982295,0.05047640477343037,0.13935662452621553
2.59,4.810490210015263e-07,6.498391512328316e-08,8.971141268797696e-07,0.004583957641767563,0.0038090197337577953,0.005358895549777331,0.09542508301678138,0.050911340824020754,0.13993882520954198
2.6,4.905595208907235e-07,6.617185053606212e-08,9.149471912453848e-07,0.004624031007925809,0.0038274913241739634,0.005420570691677655,0.09594418593872492,0.05135731509514535,0.1405310567823045
2.61,5.003403379050885e-07,6.73019977087298e-08,9.333786781014472e-07,0.0046653362714302905,0.0038458503347406597,0.005484822208119921,0.09647473122166975,0.051815016077981856,0.14113444636535763
2.62,5.103993984228851e-07,6.83721590962723e-08,9.524266377494979e-07,0.004707919928021373,0.003864077968568032,0.005551761887474714,0.09701724553860051,0.05228472475364213,0.1417497663235589
2.63,5.207448706366093e-07,6.938016831643158e-08,9.72109572956787e-07,0.004751829814414646,0.0038821556454706977,0.005621503983358594,0.097571705664881,0.05276616311838716,0.14237724821137485
2.64,5.313851724517523e-07,7.032388920201083e-08,9.924464557014937e-07,0.0047971150303320435,0.0039000651072081463,0.005694164953455941,0.09813740915961187,0.05325839271462517,0.14301642560459857
2.65,5.423289796657056e-07,7.120121439193253e-08,1.0134567449394787e-06,0.004843825835077106,0.003917788531177337,0.005769863138976875,0.09871294506608864,0.05375981961714115,0.14366607051503613
2.66,5.53585234438467e-07,7.201006348220112e-08,1.035160405394733e-06,0.0048920135148746964,0.003935308654896077,0.005848718374853316,0.09929630868275324,0.05426834049992974,0.14432427686557675
2.67,5.651631540654968e-07,7.274838076050442e-08,1.0575779273704892e-06,0.004941730216888609,0.003952608914028084,0.0059308515197491335,0.09988515387414881,0.05478161188203512,0.1449886958662625
2.68,5.770722400649782e-07,7.341413255110454e-08,1.0807303475788519e-06,0.004993028745556467,0.00396967359707032,0.006016383894042614,0.10047711567755796,0.055297368336158434,0.14565686301895747
2.69,5.893222875924853e-07,7.400530419826926e-08,1.1046392709867014e-06,0.005045962316662822,0.003986488020130431,0.006105436613195213,0.10107010598394153,0.05581369441444701,0.14632651755343606
2.7,6.01923395195945e-07,7.451989671810453e-08,1.1293268936737855e-06,0.005100584264435437,0.0040030387254444974,0.006198129803426377,0.10166250646384173,0.05632918398922168,0.14699582893846178
2.71,6.148859749228699e-07,7.495592314670622e-08,1.1548160266990337e-06,0.005156947696931162,0.004019313707399911,0.0062945816864624134,0.10225323613302337,0.056842975489936616,0.14766349677611013
2.72,6.28220762796715e-07,7.531140461712736e-08,1.1811301209763025e-06,0.00521510509511665,0.00403530266980866,0.00639490752042464,0.10284171835640557,0.05735469508356574,0.1483287416292454
2.73,6.419388296751158e-07,7.558436619258861e-08,1.208293293157643e-06,0.005275107851392796,0.004050997317994007,0.006499218384791585,0.10342779190915903,0.057864354332274395,0.14899122948604365
2.74,6.560515925071471e-07,7.577283248618516e-08,1.236330352528109e-06,0.005337005743914476,0.004066391688877866,0.006607619798951085,0.10401160601455105,0.05837224048007281,0.1496509715490293
2.75,6.705708260050918e-07,7.587482309338287e-08,1.2652668289168007e-06,0.005400846343976448,0.004081482521652357,0.006720210166300539,0.10459352418006712,0.058878821119493115,0.15030822724064113
2.7600000000000002,6.855086747493115e-07,7.588834786504051e-08,1.2951290016335825e-06,0.005466674355034523,0.004096269670753085,0.006837079039315961,0.10517404734060012,0.0593846709574393,0.15096342372376095
2.77,7.008776657429821e-07,7.58114020438177e-08,1.3259439294421464e-06,0.005534530883668144,0.004110756561688688,0.0069583052056476,0.10575375757328015,0.059890420016183506,0.1516170951303768
2.7800000000000002,7.16690721437977e-07,7.564196128853598e-08,1.3577394815874179e-06,0.005604452645020794,0.004124950688790825,0.007083954601250763,0.10633327921100748,0.0603967190006995,0.15226983942131544
2.79,7.329611732504501e-07,7.537797660592162e-08,1.3905443698949784e-06,0.00567647110801961,0.004138864152108891,0.007214078063930329,0.10691325281008834,0.06090421678370929,0.1529222888364674
2.8000000000000003,7.497027755888768e-07,7.501736920961612e-08,1.4243881819681376e-06,0.00575061158899383,0.004152514228475666,0.007348708949511995,0.10749431754140387,0.061413545426486735,0.153575089656321
2.81,7.6692972041603e-07,7.45580253223262e-08,1.4593014155097337e-06,0.0058268923061700765,0.004165923969226904,0.007487860643113249,0.10807709818876829,0.0619253089530776,0.15422888742445898
2.82,7.846566523707919e-07,7.3997790938194e-08,1.4953155138033897e-06,0.005905323411861756,0.004179122814210583,0.007631524009512929,0.10866219357417949,0.06244007282332306,0.1548843143250359
2.83,8.028986844720212e-07,7.333446655539091e-08,1.5324629023886516e-06,0.005985906023875668,0.004192147208649646,0.0077796648391016895,0.10925016372899315,0.06295835160198937,0.15554197585599694
2.84,8.216714144335733e-07,7.256580189266556e-08,1.570777026974481e-06,0.0060686312825468346,0.004205041206248348,0.007932221358845321,0.10984151351637367,0.06348059275616033,0.156202434276587
2.85,8.40990941614829e-07,7.168949059603197e-08,1.610292392633626e-06,0.006153479464625128,0.0042178570388312405,0.008089101890419016,0.11043667081884882,0.06400715498470738,0.15686618665299026
2.86,8.60873884637988e-07,7.070316494490142e-08,1.6510446043310747e-06,0.006240419189638381,0.004230655630000812,0.00825018274927595,0.11103595805128519,0.06453828021081862,0.15753363589175176
2.87,8.813373996993214e-07,6.960439056044409e-08,1.6930704088381986e-06,0.006329406757942856,0.0042435070280690615,0.00841530648781665,0.11163955691158237,0.06507405960182717,0.15820505422133757
2.88,9.023991996059423e-07,6.83906611201357e-08,1.7364077380917488e-06,0.006420385661988902,0.004256490732169786,0.008584280591808019,0.11224746818858657,0.06561439592710086,0.15888054045007227
2.89,9.240775735681721e-07,6.705939307778636e-08,1.7810957540585578e-06,0.006513286312908989,0.004269695885319011,0.008756876740498966,0.11285947119619606,0.06615896724257653,0.1595599751498156
2.9,9.463914077798822e-07,6.560792038812668e-08,1.8271748951716378e-06,0.006608026022939722,0.0042832213095736985,0.008932830736305745,0.1134750907052835,0.06670719993169394,0.16024298147887306
2.91,9.693602068180732e-07,6.403348923088464e-08,1.8746869244052617e-06,0.006704509280075243,0.004297175361605926,0.00911184319854456,0.1140935822553195,0.06725826164826332,0.16092890286237568
2.92,9.930041158962077e-07,6.233325272971713e-08,1.923674979062698e-06,0.006802628344533029,0.004311675592130986,0.009293581096935071,0.11471394811344292,0.06781108542637015,0.16161681080051568
2.93,1.0173439440025988e-06,6.050426565577905e-08,1.9741836223494186e-06,0.006902264187138225,0.004326848199739699,0.009477680174536752,0.11533499462390412,0.06836443407511777,0.16230555517269046
2.94,1.042401187961372e-06,5.854347910858837e-08,2.0262588968141557e-06,0.007003287777922405,0.004342827278657039,0.00966374827718777,0.1159554369125397,0.0689170089503417,0.16299386487473772
2.95,1.0681980574501337e-06,5.6447735161294815e-08,2.0799483797389723e-06,0.007105561719719892,0.004359753870468186,0.009851369568971598,0.11657405008293834,0.06946760077755192,0.16368049938832474
2.96,1.0947575010117343e-06,5.421376145806027e-08,2.1353012405654084e-06,0.0072089422072609925,0.004377774841428801,0.010040109573093184,0.11718985927531972,0.07001527452142388,0.16436444402921557
2.97,1.122103233102431e-06,5.1838165753238164e-08,2.1923683004516237e-06,0.007313281278383784,0.004397041618974258,0.01022952093779331,0.11780235511723952,0.07055957588131571,0.16504513435316331
2.98,1.1502597622176967e-06,4.9317430378387e-08,2.2512020940570065e-06,0.0074184293118371115,0.004417708832744395,0.010419149790929828,0.11841171334361728,0.07110074044355283,0.16572268624368172
2.99,1.1792524201434104e-06,4.664790662716314e-08,2.3118569336596576e-06,0.00752423771705226,0.004439932916117658,0.010608542517986862,0.11901898100947132,0.07163987060773108,0.16639809141121156
3.0,1.2091073923828757e-06,4.3825809047744104e-08,2.3743889757180074e-06,0.007630561756382812,0.004463870733246737,0.010797252779518887,0.11962616139397589,0.0721790144292579,0.16707330835869388
3.0100000000000002,1.2398517498145403e-06,4.0847209634792046e-08,2.4388562899942886e-06,0.007737263440471353,0.0044896783033821445,0.010984848577560562,0.12023609426377548,0.07272104341774971,0.16775114510980124
3.02,1.271513481641182e-06,3.770803191460213e-08,2.505318931367762e-06,0.007844214442908308,0.004517509698484608,0.011170919187332007,0.12085202704933812,0.07326922341852626,0.16843483068014997
3.0300000000000002,1.304121529694162e-06,3.440404491863465e-08,2.573839014469689e-06,0.007951298990841427,0.004547516191471336,0.011355081790211517,0.12147686947160408,0.0738264696601364,0.16912726928307176
3.04,1.337705824163787e-06,3.093085704363195e-08,2.644480791283942e-06,0.00805841670249557,0.004579845730549327,0.011536987674441812,0.12211233580514054,0.07439449150716736,0.16983018010311374
3.0500000000000003,1.3722973208279362e-06,2.728390979499051e-08,2.717310731860882e-06,0.008165485358512812,0.00461464280923257,0.011716327907793053,0.1227583692177795,0.07497322516225205,0.17054351327330694
3.06,1.4079280398590206e-06,2.3458471414431713e-08,2.7923976083036096e-06,0.008272443608290457,0.004652048790315843,0.011892838426265071,0.12341317735011549,0.0755608838256583,0.17126547087457267
3.0700000000000003,1.4446311062902925e-06,1.944963039046505e-08,2.86981258219012e-06,0.008379253620364593,0.004692202722524951,0.012066304518204235,0.12407385409839915,0.07615459295782007,0.17199311523897823
3.08,1.4824407922307722e-06,1.5252288854539375e-08,2.9496292956070047e-06,0.008485903681138898,0.0047352426563630375,0.012236564705914759,0.12473722428176844,0.0767512381170034,0.17272321044653347
3.09,1.5213925609163722e-06,1.0861155859948916e-08,3.0319239659727955e-06,0.008592410721461087,0.004781307414823854,0.01240351402809832,0.12540051802044022,0.07734813034268112,0.17345290569819932
3.1,1.5615231126937577e-06,6.270740546084471e-09,3.1167754848414306e-06,0.008698822698414333,0.004830538698825966,0.0125671066980027,0.1260617018455933,0.07794332230218068,0.1741800813890059
3.11,1.6028704330367167e-06,1.475345188397001e-09,3.204265520885036e-06,0.008805220676472375,0.004883083303309093,0.012727358049635658,0.12671951367519887,0.07853562988173593,0.17490339746866182
3.12,1.645473842698032e-06,-3.5309418658806526e-09,3.2944786272619446e-06,0.008911720343990494,0.004939095094692826,0.012884345593288162,0.127373334951642,0.07912449634893684,0.17562217355434714
3.13,1.6893740501077152e-06,-8.75425337418569e-09,3.387502353589616e-06,0.009018472592477088,0.00499873627969638,0.013038208905257795,0.12802301417875495,0.0797098132897312,0.1763362150677787
3.14,1.734613206131717e-06,-1.4200950485891834e-08,3.4834273627493255e-06,0.009125662726601725,0.005062177431165741,0.013189148022037708,0.12866870505639427,0.08029175972411423,0.1770456503886743
3.15,1.781234961315351e-06,-1.9877630135965486e-08,3.5823475527666674e-06,0.009233507930285774,0.005129595799835318,0.013337420060736231,0.1293107416475358,0.080870679979132,0.17775080331593962
3.16,1.8292845257385709e-06,-2.5791132541048275e-08,3.6843601840181903e-06,0.009342252844038437,0.005201171690311287,0.013483333997765586,0.1299495512461985,0.08144699972405872,0.17845210276833828
3.17,1.8788087316228772e-06,-3.1948548790028045e-08,3.7895660120357825e-06,0.00945216350095032,0.0052770831043641424,0.013627243897536499,0.13058559751637305,0.08202117207733237,0.17915002295541374
3.18,1.929856098833765e-06,-3.835722852085854e-08,3.898069426188389e-06,0.0095635203059091,0.00535749933056358,0.013769541281254622,0.13121934530878268,0.08259364493779436,0.179845045679771
3.19,1.9824769034349297e-06,-4.5024787671811704e-08,4.009978594541671e-06,0.009676611025133015,0.005442574475125265,0.013910647575140767,0.13185123999658188,0.08316484234521865,0.18053763764794512
3.2,2.036723249459857e-06,-5.195911629190028e-08,4.125405615211614e-06,0.00979172471300345,0.005532441906163084,0.014051007519843815,0.13248169611780347,0.083735154716209,0.18122823751939793
3.21,2.092649144072737e-06,-5.916838639639161e-08,4.244466674541865e-06,0.009909147132915129,0.005627210213360768,0.01419108405246949,0.1331110917969466,0.08430493451348652,0.18191724908040668
3.22,2.150310576307199e-06,-6.6661059845474e-08,4.367282212459872e-06,0.010029157704942053,0.005726960752972298,0.014331354656911807,0.13373976666538986,0.08487449515034687,0.18260503818043286
3.23,2.209765599577978e-06,-7.444589622501274e-08,4.4939770953809684e-06,0.01015202757842258,0.005831746409981229,0.014472308746863932,0.13436802185474334,0.08544411177154912,0.18329193193793755
3.24,2.2710744181740258e-06,-8.253196070437688e-08,4.6246807970524284e-06,0.010278018236604973,0.005941591027592024,0.014614445445617923,0.13499612119643925,0.08601402309398007,0.18397821929889843
3.25,2.334299477953288e-06,-9.092863184393624e-08,4.759527587750512e-06,0.010407380096018276,0.006056489030327211,0.01475827116170934,0.1356242931156337,0.08658443382976627,0.18466415240150114
3.2600000000000002,2.399505561473263e-06,-9.964560932065155e-08,4.8986567322671774e-06,0.010540350765718663,0.006176404993140416,0.014904296538296908,0.13625273292669327,0.08715551742114529,0.18534994843224123
3.27,2.4667598878023927e-06,-1.0869292153997584e-07,5.042212697144762e-06,0.010677152866855256,0.006301273161123513,0.015053032572587,0.13688160536893995,0.08772741893824268,0.18603579179963722
3.2800000000000002,2.5361322172752743e-06,-1.1808093309556009e-07,5.190345367646109e-06,0.010817991506992966,0.006430997120614494,0.015204985893371437,0.1375110472966243,0.08830025805935633,0.1867218365338923
3.29,2.6076949614667743e-06,-1.2782035203739862e-07,5.343210274970948e-06,0.010963051629560515,0.0065654499313684755,0.015360653327752553,0.13814117047689298,0.08887413208866198,0.187408208865124
3.3000000000000003,2.6815232986789317e-06,-1.3792223690359798e-07,5.500968834261462e-06,0.011112495519660617,0.0067044750524155455,0.015520515986905688,0.13877206446716797,0.08944911898142102,0.18809500995291492
3.31,2.7576952952503053e-06,-1.4839800346755434e-07,5.663788593968165e-06,0.0112664607569508,0.006847888346474632,0.01568503316742697,0.1394037995476174,0.09002528035023015,0.18878231874500462
3.3200000000000003,2.83629203301689e-06,-1.5925943114728528e-07,5.8318434971810655e-06,0.011425058877814262,0.006995481347473361,0.015854636408155164,0.14003642968112834,0.09060266442314707,0.1894701949391096
3.33,2.9173977432733453e-06,-1.7051866901876153e-07,6.005314155565453e-06,0.011588374952666519,0.007147025840937413,0.016029724064395623,0.1406699954664359,0.09118130891939666,0.19015868201347516
3.34,3.0010999476019807e-06,-1.8218824137195053e-07,6.184388136575912e-06,0.011756468207657727,0.00730227965630289,0.016210656759012565,0.14130452704264626,0.09176124380330941,0.1908478102819831
3.35,3.0874896059591394e-06,-1.9428105274275416e-07,6.369260264661033e-06,0.011929373730464933,0.007460993423186914,0.01639775403774295,0.14194004689728443,0.09234249387381017,0.1915375999207587
3.36,3.176661272425491e-06,-2.0681039235500112e-07,6.560132937205984e-06,0.012107105205471076,0.007622917920170681,0.016591292490771473,0.14257657252649175,0.09292508114612155,0.19222806390686195
3.37,3.268713259048275e-06,-2.1978993790368613e-07,6.757216456000236e-06,0.012289658533668668,0.007787811562362376,0.016791505504974963,0.14321411889580365,0.09350902698477682,0.1929192108068305
3.38,3.3637478082187224e-06,-2.3323375861554816e-07,6.9607293750529926e-06,0.012477016116669327,0.00795544754520761,0.016998584688131046,0.14385270065326494,0.09409435395250819,0.19361104735402168
3.39,3.461871274040213e-06,-2.4715631753204827e-07,7.170898865612474e-06,0.012669151530652692,0.00812562019089289,0.017212682870412492,0.1444923340532749,0.09468108734767813,0.1943035807588717
3.4,3.563194313156153e-06,-2.6157247296896276e-07,7.387961099281269e-06,0.01286603429067157,0.008298150125117833,0.017433918456225307,0.14513303855894294,0.09526925641299688,0.194996820704889
3.41,3.667832085506948e-06,-2.764974791306744e-07,7.61216165014457e-06,0.013067634410377438,0.008472888032435344,0.017662380788319533,0.14577483810211106,0.09585889520952097,0.19569078099470116
3.42,3.7759044654884366e-06,-2.919469858800776e-07,7.84375591685695e-06,0.013273926494747505,0.00864971687862299,0.017898136110872022,0.14641776199269482,0.09645004316154177,0.19638548082384788
3.43,3.887536263972357e-06,-3.079370377041466e-07,8.083009565648861e-06,0.013484893157977235,0.008828552627911244,0.018141233688043226,0.14706184548172418,0.09704274528917303,0.19708094567427534
3.44,4.0028574616324685e-06,-3.244840719616589e-07,8.330198995226596e-06,0.013700527627147912,0.0090093436030678,0.018391711651228024,0.14770712999468003,0.09763705215563104,0.197777207833729
3.45,4.122003453996473e-06,-3.4160491655516644e-07,8.585611824548112e-06,0.013920835465551373,0.00919206872452698,0.018649602206575765,0.1483536630627847,0.09823301956489447,0.1984743065606749
3.46,4.245115308599085e-06,-3.593167872459573e-07,8.849547404444127e-06,0.01414583541930277,0.009376734915064522,0.01891493592354102,0.14900149798938522,0.09883070805236138,0.19917228792640906
3.47,4.372340034567222e-06,-3.776372849130775e-07,9.122317354047523e-06,0.014375559450583665,0.009563373969684727,0.019187744931482606,0.1496506932961965,0.09943018221615049,0.19987120437624253
3.48,4.50383086490176e-06,-3.9658439316080007e-07,9.40424612296432e-06,0.014610052066453104,0.009752039172222879,0.019468064960683328,0.15030131199982488,0.10003150993980844,0.20057111405984132
3.49,4.639747551643619e-06,-4.161764767973995e-07,9.695671580084637e-06,0.014849369082046116,0.009942801899415127,0.019755936264677105,0.1509534207726405,0.10063476155842735,0.20127207998685367
3.5,4.780256674024565e-06,-4.3643228183880854e-07,9.996945629887939e-06,0.01509357597164168,0.01013574839939358,0.02005140354388978,0.15160708904374687,0.1012400090196377,0.20197416906785604
3.5100000000000002,4.925531959602554e-06,-4.573709378376427e-07,1.030843485704275e-05,0.015342745962481858,0.010330976873420258,0.020354515051543457,0.15226238809553616,0.10184732508868174,0.20267745110239058
3.52,5.075754618277403e-06,-4.790119634920375e-07,1.0630521200046844e-05,0.015596958017099033,0.010528594934038196,0.02066532110015987,0.1529193902091743,0.10245678264287461,0.203381997775474
3.5300000000000002,5.231113688974837e-06,-5.013752766482136e-07,1.0963602654597887e-05,0.0158562948331911,0.010728717464364768,0.02098387220201743,0.15357816790833986,0.10306845409526721,0.2040878817214125
3.54,5.391806398688525e-06,-5.244812099651684e-07,1.1308094007342218e-05,0.01612084096848886,0.010931464864592965,0.021310217072384754,0.15423879334468338,0.10368241098031178,0.20479517570905498
3.5500000000000003,5.5580385334920295e-06,-5.483505336450856e-07,1.1664427600629145e-05,0.01639068117385631,0.011136961643839502,0.021644400703873114,0.1549013378608387,0.10429872372591162,0.2055039519957658
3.56,5.7300248210838e-06,-5.730044867436854e-07,1.2033054128911285e-05,0.016665898992825078,0.011345335298028308,0.021986462687621847,0.15556587175753325,0.10491746162659987,0.20621428188846663
3.5700000000000003,5.907989324430672e-06,-5.984648186351209e-07,1.2414443467496466e-05,0.016946575661216576,0.01155671540651067,0.022336435915922485,0.15623246428065682,0.10553869302204336,0.20692623553927028
3.58,6.092165846149333e-06,-6.247538421993691e-07,1.2809085534498035e-05,0.017232789317446554,0.01177123288016705,0.022694345754726057,0.15690118383242857,0.10616248567403061,0.20763988199082653
3.59,6.2827983434149765e-06,-6.518945002174143e-07,1.3217491187047367e-05,0.01752461451332687,0.011989019300190005,0.023060209726463738,0.15757209839858866,0.10678890732413976,0.20835528947303755
3.6,6.480141353449936e-06,-6.799104462680563e-07,1.3640193153167927e-05,0.01782212199735299,0.01221020629793474,0.023434037696771243,0.15824527617147016,0.10741802640401633,0.209072525938924
3.61,6.684460430015453e-06,-7.088261411215193e-07,1.4077747001152427e-05,0.018125378728200095,0.012434924940485259,0.02381583251591493,0.15892078633765477,0.10804991286134533,0.20979165981396422
3.62,6.896032591823788e-06,-7.386669652072966e-07,1.4530732148854872e-05,0.018434448065979995,0.01266330510232447,0.02420559102963552,0.1595986999894348,0.10868463905781564,0.21051276092105395
3.63,7.115146784393638e-06,-7.694593472061543e-07,1.499975291599343e-05,0.018749390083148656,0.012895474819225603,0.02460330534707171,0.16027909111221633,0.10932228069122328,0.21123590153320937
3.64,7.3421043575780415e-06,-8.012309081916725e-07,1.5485439623347754e-05,0.019070261936021106,0.013131559634861298,0.025008964237180915,0.1609620375958802,0.10996291769272863,0.21196115749903177
3.65,7.577219561759953e-06,-8.340106200691153e-07,1.598844974358902e-05,0.019397118241601754,0.013371681962526064,0.025422554520677446,0.1616476222173157,0.11060663505232024,0.21268860938231118
3.66,7.820820066502858e-06,-8.678289763601352e-07,1.6509469109365852e-05,0.019730011412508477,0.013615960492924468,0.025844062332092486,0.16233593354394327,0.11125352353063014,0.2134183435572564
3.67,8.073247506194864e-06,-9.027181727335501e-07,1.704921318512328e-05,0.020068991914456068,0.013864509683643656,0.02627347414526848,0.16302706671385336,0.11190368022303043,0.2141504532046763
3.68,8.334858057882692e-06,-9.387122941366001e-07,1.7608428409901983e-05,0.020414108425056154,0.014117439366500128,0.02671077748361218,0.16372112405673725,0.1125572089518164,0.2148850391616581
3.69,8.606023057000023e-06,-9.758475049986734e-07,1.8187893618998718e-05,0.02076540788833517,0.014374854505568867,0.02715596127110147,0.1644182155304076,0.11321422047350946,0.21562221058730577
3.7,8.887129656992934e-06,-1.0141622388185294e-06,1.87884215528044e-05,0.021122935474986986,0.0146368551318298,0.02760901581814417,0.16511845895959265,0.11387483250006547,0.21636208541911983
3.71,9.178581538924252e-06,-1.0536973835232132e-06,1.9410860461371716e-05,0.021486734472574695,0.014903536470731282,0.028069932474418108,0.16582198007597956,0.11453916954422767,0.21710479060773147
3.72,9.480799676971587e-06,-1.094496459321944e-06,2.0056095813265117e-05,0.0218568461414153,0.015174989267497312,0.028538703015333285,0.16652891237035125,0.11520736260966641,0.2178504621310361
3.73,9.794223165360359e-06,-1.1366057863398574e-06,2.0725052117060575e-05,0.02223330957970423,0.015451300302730144,0.029015318856678313,0.16723939677837243,0.11587954875528025,0.21859924480146462
3.74,1.0119310111724629e-05,-1.180074640066533e-06,2.141869486351579e-05,0.02261616164488907,0.015732553078845683,0.029499770210932454,0.16795358123052798,0.11655587056960946,0.21935129189144648
3.75,1.0456538601240596e-05,-1.2249553935202108e-06,2.2138032596001402e-05,0.023005436977102403,0.01601882864711856,0.029992045307086247,0.1686716201034389,0.11723647559542082,0.22010676461145695
3.7600000000000002,1.0806407735198523e-05,-1.2713036459395743e-06,2.288411911633662e-05,0.023401168164761278,0.01631020653646989,0.030492129793052665,0.1693936736139911,0.1179215157460117,0.2208658314819705
3.77,1.1169438747048352e-05,-1.3191783386912085e-06,2.3658055832787913e-05,0.02380338608278494,0.016606765739255396,0.031000006426314487,0.17011990719922693,0.1186111467536134,0.22162866764484046
3.7800000000000002,1.1546176198437069e-05,-1.3686418598557703e-06,2.4460994256729908e-05,0.0242121204211824,0.016908585706616467,0.03151565513574833,0.1708504909237597,0.1193055276865845,0.2223954541609349
3.79,1.1937189257405753e-05,-1.4197601395780075e-06,2.5294138654389516e-05,0.02462740040719402,0.017215747306583408,0.03203905350780463,0.1715855989526648,0.12000482056609173,0.22316637733923783
3.8000000000000003,1.2343073060758032e-05,-1.4726027387054976e-06,2.6158748860221564e-05,0.025049255709078,0.01752833370194941,0.03257017771620659,0.1723254091215933,0.120709190105034,0.2239416281381526
3.81,1.2764450162661462e-05,-1.527242933490445e-06,2.7056143258813368e-05,0.025477717495397175,0.017846431111614925,0.03310900387917943,0.17307010262761185,0.12141880358254703,0.22472140167267668
3.8200000000000003,1.32019720717894e-05,-1.5837577991971875e-06,2.7987701942775987e-05,0.025912819611580592,0.018170129428099497,0.03365550979506168,0.17381986385446158,0.12213383085709131,0.22550589685183184
3.83,1.3656320879725718e-05,-1.642228295375609e-06,2.8954870054827048e-05,0.02635459982671202,0.018499522674577246,0.0342096769788468,0.17457488033517293,0.12285444451055133,0.22629531615979454
3.84,1.4128210983916064e-05,-1.7027393553520849e-06,2.995916132318421e-05,0.026803101098736005,0.018834709296397065,0.034771492901074945,0.17533534284399532,0.1235808201056811,0.22708986558230954
3.85,1.4618390909105868e-05,-1.7653799822082664e-06,3.100216180042e-05,0.02725837280601671,0.019175792293881475,0.035340953318151944,0.17610144559918706,0.12431313653036176,0.22788975466801237
3.86,1.5127645231941487e-05,-1.830243353182655e-06,3.2085533817065626e-05,0.02772047189747443,0.0195228792145744,0.03591806458037446,0.17687338654915863,0.12505157639516937,0.2286951967031479
3.87,1.5656796614176707e-05,-1.8974269340916417e-06,3.3211020162445055e-05,0.028189463921995568,0.019876082033405698,0.03650284581058544,0.17765136770752496,0.12579632644628144,0.22950640896876848
3.88,1.620670795072068e-05,-1.9670326050325993e-06,3.4380448506473964e-05,0.028665423909713213,0.0202355169578979,0.037095330861528525,0.17843559549834842,0.12654757795412191,0.23032361304257493
3.89,1.6778284639546228e-05,-2.0391667983384828e-06,3.559573607743094e-05,0.029148437092014503,0.020601304202073983,0.03769556998195502,0.17922628107165003,0.12730552703954215,0.23114703510375792
3.9,1.7372476981262344e-05,-2.1139406494962916e-06,3.6858894612020983e-05,0.029638599462413717,0.020973567776710254,0.038303631148117176,0.18002364055118725,0.12807037490359655,0.23197690619877795
3.91,1.7990282716916852e-05,-2.1914701615418162e-06,3.8172035595375524e-05,0.03013601819525906,0.021352435344677553,0.038919601045840566,0.18082789518137832,0.1288423279337431,0.23281346242901355
3.92,1.8632749713355555e-05,-2.27187638328794e-06,3.953737580999905e-05,0.030640811952092752,0.02173803818807704,0.03954358571610846,0.18163927134759625,0.12962159766794007,0.23365694502725243
3.93,1.9300978806207335e-05,-2.3552856016447343e-06,4.09572432140594e-05,0.031153111114930878,0.022130511328577872,0.040175710901283884,0.18245800045318397,0.13040840060786343,0.2345076002985045
3.94,1.9996126811313654e-05,-2.441829548232365e-06,4.243408317085967e-05,0.031673057990560756,0.02252999383382147,0.040816122147300044,0.18328431864659897,0.1312029578824676,0.23536567941073033
3.95,2.071940971617247e-05,-2.5316456204730716e-06,4.397046505281801e-05,0.03220080702930631,0.022936629331163805,0.04146498472744882,0.18411846640217655,0.13200549477250145,0.23623143803185165
3.96,2.147210606372712e-05,-2.6248771173759166e-06,4.556908924483016e-05,0.03273652509517546,0.023350566735762975,0.042122483454587946,0.18496068796724352,0.13281624011461987,0.23710513581986717
3.97,2.225556054161592e-05,-2.72167349028261e-06,4.723279457351445e-05,0.03328039181200402,0.023771961183659526,0.04278882244034851,0.18581123069595504,0.1336354256097822,0.23798703578212788
3.98,2.307118779080258e-05,-2.8221906089343786e-06,4.8964566190539535e-05,0.033832599992845956,0.024200975142796448,0.043464224842895464,0.18667034429569315,0.13446328506430577,0.23887740352708053
3.99,2.3920476448341163e-05,-2.9265910433392052e-06,5.0767543940021534e-05,0.034393356138704846,0.02463777965680696,0.04414893262060273,0.18753828001484174,0.135300053593111,0.23977650643657247
4.0,2.4804993439892983e-05,-3.0350443620710986e-06,5.2645031241857064e-05,0.03496288096954911,0.025082555658923096,0.04484320628017512,0.1884152898010992,0.13614596681338287,0.24068461278881553
4.01,2.5726388538508425e-05,-3.147727447815173e-06,5.460050452483203e-05,0.03554140992760866,0.0255354952776924,0.04554732457752492,0.1893016254574428,0.13700126005346813,0.24160199086141748
4.0200000000000005,2.668639920711251e-05,-3.2648248311929452e-06,5.663762324541797e-05,0.03612919357268498,0.025996803043584843,0.046261584101785116,0.19019753781873538,0.137866167596752,0.24252890804071878
4.03,2.7686855743081765e-05,-3.386529044168548e-06,5.8760240530332075e-05,0.03672649777414766,0.026466696897303684,0.04698629865099163,0.19110327596643173,0.13874092197424295,0.2434656299586205
4.04,2.8729686744277173e-05,-3.5130409946458918e-06,6.097241448320024e-05,0.03733360359679722,0.026945408897936153,0.04772179829565829,0.1920190864925582,0.13962575331330998,0.2444124196718064
4.05,2.9816924916882684e-05,-3.6445703642433003e-06,6.327842019800867e-05,0.037950806779781375,0.027433185533134875,0.048468428026427875,0.19294521281792065,0.1405208887442414,0.2453695368915999
4.0600000000000005,3.095071324639013e-05,-3.7813360316770085e-06,6.568276252445727e-05,0.0385784167204926,0.0279302875451913,0.0492265458957939,0.19388189456407828,0.1414265518616707,0.24633723726648588
4.07,3.21333115540544e-05,-3.9235665247152585e-06,6.819018963282405e-05,0.03921675489916418,0.02843698920663116,0.0499965205916972,0.19482936697463404,0.1423429622349496,0.24731577171431848
4.08,3.3367103462093596e-05,-4.071500504302393e-06,7.080570742848958e-05,0.03986615271389466,0.028953577006680286,0.05077872842110903,0.19578786037927426,0.14327033496052996,0.24830538579801856
4.09,3.4654603791821266e-05,-4.225387285207702e-06,7.353459486885024e-05,0.04052694873802744,0.029480347744671266,0.05157354973138361,0.19675759969392348,0.1442088802503692,0.24930631913747775
4.1,3.599846641973129e-05,-4.3854873984573275e-06,7.63824202379199e-05,0.04119948545894598,0.030017606066284563,0.052381364851607395,0.19773880395225485,0.1451588030530551,0.25031880485145463
4.11,3.740149261729287e-05,-4.552073201882611e-06,7.935505843646834e-05,0.041884105605170696,0.030565661520570248,0.053202549689771145,0.1987316858672519,0.1461203027082848,0.251343069026219
4.12,3.8866639900809414e-05,-4.725429546395286e-06,8.245870934801411e-05,0.04258114821227344,0.031124825256263748,0.054037471168283134,0.19973645142595411,0.14709357263987996,0.2523793302120283
4.13,4.03970314181171e-05,-4.9058545071093055e-06,8.569991734334349e-05,0.043290944612588304,0.031695406510789725,0.05488648271438688,0.20075329952524146,0.14807880009697408,0.25342779895350886
4.14,4.199596589908837e-05,-5.093660190218222e-06,8.908559198839496e-05,0.044013814554574655,0.03227770907036245,0.055749920038786864,0.20178242166076488,0.14907616595667253,0.25448867736485725
4.15,4.366692819681582e-05,-5.289173628635588e-06,9.262303002226724e-05,0.04475006266180473,0.032872027891237665,0.05662809743237179,0.20282400168429424,0.15008584460383517,0.2555621587647533
4.16,4.5413600445906795e-05,-5.492737781877225e-06,9.631993867369082e-05,0.04549997542753496,0.033478646068262646,0.05752130478680727,0.20387821564635725,0.15110800390432083,0.25664842738839366
4.17,4.7239873863456084e-05,-5.704712658544223e-06,0.00010018446038545639,0.04626381890947462,0.03409783231704705,0.05842980550190219,0.2049452317409037,0.1521428052870089,0.2577476581947985
4.18,4.914986121688648e-05,-5.925476583126894e-06,0.00010422519901689986,0.047041837243647466,0.034729839102004105,0.05935383538529083,0.20602521036688998,0.15319040394733388,0.2588600167864461
4.19,5.11479099808788e-05,-6.155427632736274e-06,0.00010845124759449387,0.04783425204094202,0.03537490149775569,0.06029360258412835,0.2071183043184816,0.1542509491813521,0.2599856594556111
4.2,5.323861620294256e-05,-6.394985273850971e-06,0.00011287221767973609,0.04864126267096979,0.03603323682087453,0.06124928852106505,0.20822465911146287,0.1553245848549882,0.2611247333679375
4.21,5.542683909370447e-05,-6.6445922343054395e-06,0.00011749827042171438,0.04946304738135364,0.036705045018159015,0.062221049744548264,0.20934441344899898,0.1564114500086399,0.26227737688935804
4.22,5.771771635362572e-05,-6.904716651570573e-06,0.00012234014935882202,0.050299765152002435,0.03739050975177412,0.06320902055223075,0.21047769982562148,0.15751167959320134,0.2634437200580416
4.23,6.011668024247077e-05,-7.1758545449685445e-06,0.0001274092150299101,0.05115155814729979,0.03808980008471084,0.06421331620988874,0.21162464526459118,0.15862540533009606,0.2646238851990863
4.24,6.26294743913867e-05,-7.458532666802521e-06,0.00013271748144957592,0.0520185546065339,0.03880307264453345,0.06523403656853435,0.21278537218083404,0.15975275668519162,0.26581798767647646
4.25,6.526217134982619e-05,-7.753311795491585e-06,0.00013827765449514397,0.05290087200442478,0.0395304741299055,0.06627126987894406,0.21395999935940138,0.16089386194437022,0.26702613677443254
4.26,6.802119085073492e-05,-8.060790542631426e-06,0.00014410317224410128,0.0537986203176537,0.04027214402190325,0.06732509661340415,0.215148643037676,0.1620488493767869,0.26824843669856513
4.2700000000000005,7.091331876746551e-05,-8.381609755335999e-06,0.00015020824729026702,0.054711905247094225,0.041028217368486934,0.06839559312570151,0.216351418077973,0.16321784847008608,0.26948498768585993
4.28,7.394572672485564e-05,-8.716457605117321e-06,0.0001566079110548286,0.0556408312656811,0.04179882752299368,0.06948283500836852,0.21756843921539137,0.16440099121971252,0.2707358872110702
4.29,7.71259923150371e-05,-9.066075464634132e-06,0.00016331806009470831,0.05658550438534009,0.0425841087334647,0.07058690003721547,0.21879982236346326,0.16559841345171322,0.2720012312752133
4.3,8.04621198561468e-05,-9.431264683540478e-06,0.00017035550439583406,0.057546034560527,0.043384198496827,0.071707870624227,0.22004568595717583,0.16681025615503497,0.2732811157593167
4.3100000000000005,8.396256161968622e-05,-9.812894383865207e-06,0.00017773801762323765,0.05852253766891923,0.044199239608946034,0.07284583572889243,0.22130615230939377,0.16803666679546958,0.27457563782331795
4.32,8.763623944051466e-05,-1.0211910403189387e-05,0.0001854843892842187,0.05951513703080815,0.045029381857668305,0.074000892203948,0.22258134895291457,0.16927780057952457,0.27588489732630456
4.33,9.149256661327814e-05,-1.0629345519500702e-05,0.000193614478746057,0.060523964447641056,0.04587478332113497,0.07517314557414714,0.22387140993686128,0.17053382163319655,0.27720899824052603
4.34,9.554146997164081e-05,-1.1066331093945831e-05,0.00020214927103722746,0.06154916075735297,0.04673561124824659,0.07636271026645935,0.22517647704351013,0.1718049040586141,0.27854805002840616
4.3500000000000005,9.979341204343791e-05,-1.15241102654997e-05,0.00021111093435237553,0.06259087592016013,0.047612042512671766,0.07756970932764849,0.22649670089059587,0.17309123283144295,0.2799021689497488
4.36,0.00010425941317749304,-1.2004052823385154e-05,0.00022052287917837123,0.0636492686638021,0.04850426364656857,0.07879427368103564,0.22783224188517476,0.1743930045043401,0.2812714792660094
4.37,0.0001089510735482456,-1.2507671867264007e-05,0.0002304098189637552,0.06472450573189314,0.049412470475219565,0.08003654098856673,0.22918327099854957,0.1757104276868647,0.2826561143102344
4.38,0.00011388059496451167,-1.30366423400982e-05,0.00024079783226912155,0.06581676079271284,0.05033686738864536,0.08129665419678032,0.23054997033757071,0.17704372328004028,0.2840562173951011
4.39,0.00011906080244064754,-1.359282148241283e-05,0.0002517144263637079,0.06692621307762514,0.05127766630011717,0.08257475985513311,0.23193253349550957,0.17839312445383732,0.28547194253718183
4.4,0.00012450516553376946,-1.4178271207971525e-05,0.0002631886022755104,0.06805304582729199,0.05223508535323716,0.08387100630134682,0.2333311656750535,0.17975887636752333,0.2869034549825837
4.41,0.00013022781951060815,-1.4795282338451375e-05,0.0002752509213596677,0.06919744462880974,0.05320934744772137,0.0851855418098981,0.23474608358596188,0.18114123564517076,0.288350931526753
4.42,0.00013624358648213727,-1.5446400558048848e-05,0.00028793357352232337,0.07035959572693758,0.054200678658211966,0.0865185127956632,0.2361775151296412,0.18254046963058324,0.28981456062869915
4.43,0.00014256799673186744,-1.6134453858570685e-05,0.0003012704473223056,0.07153968438725974,0.055209306619769805,0.08787006215474968,0.23762569889134638,0.18395685545632007,0.2912945423263727
4.44,0.0001492173105612673,-1.6862581143128658e-05,0.0003152972022656633,0.07273789337859786,0.05623545894810726,0.08924032780908846,0.23909088346696442,0.18539067896921468,0.29279108796471415
4.45,0.00015620854107716535,-1.7634261545468484e-05,0.0003300513436997992,0.07395440162711543,0.057279361752684346,0.09062944150154652,0.2405733266543994,0.18684223355853832,0.2943044197502605
4.46,0.00016355947844239822,-1.8453343907324365e-05,0.0003455723007921208,0.07518938307675528,0.05834123828761195,0.09203752786589861,0.24207329453847798,0.1883118189314893,0.29583477014546666
4.47,0.00017128871619050755,-1.9324075745092415e-05,0.0003619015081261075,0.07644300577175794,0.05942130777038904,0.09346470377312685,0.24359106049196863,0.18979973987265641,0.29738238111128085
4.48,0.00017941568025324616,-2.0251130938394804e-05,0.00037908249144488716,0.07771543115896236,0.06051978438348508,0.09491107793443965,0.24512690410287338,0.19130630500843437,0.2989475031973124
4.49,0.00018796066134931723,-2.123963529688372e-05,0.00039716095799551817,0.0790068135921892,0.06163687646022316,0.09637675072415523,0.24668111001935283,0.19283182557379747,0.3005303944649082
4.5,0.00019694485131668905,-2.2295189118543392e-05,0.0004161848917519215,0.08031730000961561,0.06277278584554198,0.09786181417368923,0.24825396667994754,0.1943766141491317,0.30213131921076336
4.51,0.00020639038382294327,-2.34238858526316e-05,0.00043620465349851814,0.0816470297484638,0.06392770741477334,0.09936635208215426,0.24984576487269508,0.19594098330431337,0.3037505464410768
4.5200000000000005,0.0002163203796462289,-2.4632326030833723e-05,0.0004572730853232915,0.08299613445967413,0.06510182872977793,0.10089044018957033,0.25145679605133253,0.1975252440663699,0.30538834803629517
4.53,0.00022675899637806737,-2.59276257346353e-05,0.00047944561849077005,0.08436473808803552,0.06629532981134627,0.10243414636472477,0.2530873503433775,0.19912970413128686,0.3070449965554681
4.54,0.00023773148196244945,-2.7317419023086014e-05,0.0005027803829479849,0.08575295688954564,0.06750838300902286,0.10399753077006842,0.25473771422806635,0.20075466578666656,0.30872076266946613
4.55,0.00024926423096877434,-2.8809853943559827e-05,0.0005273383158811085,0.08716089946630223,0.06874115295352903,0.10558064597907543,0.25640816795021465,0.20240042360979532,0.310415912290634
4.5600000000000005,0.0002613848419266426,-3.041358197170658e-05,0.0005531832658249917,0.08858866680864144,0.06999379658177284,0.10718353703551005,0.25809898286124694,0.20406726214674237,0.3121307035757515
4.57,0.0002741221734667307,-3.213774095111834e-05,0.0005803820878845798,0.09003635234328156,0.07126646322914422,0.10880624145741889,0.2598104190108808,0.20575545392851663,0.313865384093245
4.58,0.0002875063964601231,-3.399193179843928e-05,0.0006090047247186855,0.0915040419938809,0.07255929478768994,0.11044878920007187,0.2615427234060212,0.2074652582873881,0.3156201885246543
4.59,0.0003015690388774219,-3.5986189373523594e-05,0.0006391242671283674,0.09299181426598008,0.07387242593137991,0.11211120260058025,0.2632961293658144,0.20919692145226626,0.3173953372793626
4.6000000000000005,0.00031634301974392103,-3.8130947956309196e-05,0.0006708169874441513,0.09449974037140674,0.075205984410789,0.11379349633202447,0.26507085732247104,0.21095067831240408,0.319191036332538
4.61,0.00033186266838309495,-4.043700169840763e-05,0.0007041623384645975,0.09602788440782939,0.07656009141912434,0.11549567739653444,0.26686711727766427,0.21272675607718186,0.3210074784781467
4.62,0.0003481637251366771,-4.2915460215026114e-05,0.0007392429104883804,0.09757630360744615,0.07793486202977817,0.11721774518511413,0.2686851129836383,0.21452537989207884,0.3228448460751977
4.63,0.0003652833199253526,-4.557769915339359e-05,0.0007761443390040988,0.09914504866516227,0.07933040570275375,0.1189596916275708,0.27052504783302384,0.2163467803598868,0.32470331530616087
4.64,0.0003832599253493444,-4.843530513549255e-05,0.0008149551558341813,0.10073416415150746,0.08074682685371193,0.12072150144930299,0.27238713243759244,0.2181912028907217,0.3265830619844632
4.65,0.0004021332814853747,-5.150001396023369e-05,0.0008557665769309831,0.10234368900949041,0.08218422547536963,0.12250315254361119,0.27427159394086836,0.22005891885062948,0.3284842690311073
4.66,0.0004219442900664921,-5.478364041211584e-05,0.0008986722205451001,0.10397365712808689,0.08364269779688582,0.12430461645928795,0.27617868719975036,0.22195023855026116,0.33040713584923953
4.67,0.0004427348762803171,-5.829799751931407e-05,0.0009437677500799483,0.10562409797860128,0.08512233696302388,0.1261258589941787,0.27810870802508314,0.22386552614725783,0.3323518899029084
4.68,0.0004645478169395341,-6.205480269861382e-05,0.000991150436577682,0.10729503729416785,0.08662323371157345,0.12796684087676224,0.2800620086149213,0.22580521644895749,0.33431880078088516
4.69,0.00048742653422693087,-6.60655679823328e-05,0.0010409186364361946,0.10898649776756597,0.0881454770250187,0.12982751851011323,0.2820390150480002,0.22776983329037195,0.3363081968056285
4.7,0.0005114148545743519,-7.034147150207807e-05,0.0010931711806507819,0.11069849973863327,0.08968915473095751,0.13170784474630903,0.2840402460861984,0.22976000847091912,0.3383204837014776
4.71,0.0005365567324998007,-7.489320765430806e-05,0.0011480066726539096,0.11243106184013948,0.09125435402548157,0.1336077696547974,0.2860663313500329,0.23177649892564933,0.34035616377441646
4.72,0.0005628959394219325,-7.973081392660566e-05,0.0012055226927704707,0.11418420157019915,0.09284116189470855,0.13552724124568977,0.28811802487040855,0.2338201975403163,0.3424158522005008
4.73,0.0005904757176407832,-8.486347323668293e-05,0.0012658149085182494,0.11595793576024974,0.09444966541195562,0.13746620610854385,0.29019620669115936,0.2358921293765172,0.3445002840058015
4.74,0.0006193383998817974,-9.02992918231021e-05,0.001328976091586697,0.11775228091030764,0.09607995189162546,0.1394246099289898,0.2923018602946724,0.23799341977340183,0.346610300815943
4.75,0.0006495249951253523,-9.604505419986737e-05,0.001395095044450572,0.11956725336756366,0.09773210888565098,0.14140239784947634,0.2944360075051512,0.24012521437219447,0.3487468006381079
4.76,0.0006810747419705626,-0.00010210595839636142,0.0014642554423374868,0.12140286933022941,0.09940622401414906,0.14339951464630976,0.29659957760388145,0.2422885264744402,0.3509106287333227
4.7700000000000005,0.0007140246315905498,-0.00010848533657783794,0.0015365345997589374,0.12325914466567842,0.10110238462855951,0.14541590470279733,0.29879319047689795,0.24448399204434298,0.35310238890945295
4.78,0.0007484089034895455,-0.00011518436808914765,0.0016120021750682387,0.125136094540016,0.10282067731269151,0.1474515117673405,0.30101685744285,0.2467115409523731,0.3553221739333269
4.79,0.0007842585188016306,-0.00012220179387950733,0.0016907188314827684,0.12703373286488978,0.1045611872344273,0.14950627849535228,0.30326966074715345,0.24897005736262773,0.35756926413167917
4.8,0.0008216006177616044,-0.0001295336430325734,0.0017727348785557821,0.12895207157614305,0.10632399736791245,0.15158014578437365,0.3055495531237975,0.2512571879102202,0.3598419183373748
4.8100000000000005,0.0008604579701581977,-0.00013717298362194135,0.0018580889239383368,0.1308911197673014,0.10810918761243928,0.15367305192216352,0.3078534571307867,0.2535694894189756,0.3621374248425978
4.82,0.0009008484299116759,-0.00014510971121536973,0.0019468065710387217,0.13285088270829903,0.10991683383942061,0.15578493157717746,0.31017774336440335,0.2559029862480106,0.3644525004807961
4.83,0.0009427844072022289,-0.00015333038894334988,0.0020388992033478076,0.13483136078573962,0.11174700690240248,0.15791571466907678,0.31251893246917356,0.25825394888965214,0.366783916048695
4.84,0.000986272373560731,-0.00016181815301912774,0.0021343629001405896,0.1368325484048479,0.11359977164660374,0.16006532516309205,0.3148742968133414,0.2606195345328008,0.369129059093882
4.8500000000000005,0.001031312416736722,-0.0001705526968507657,0.0022331775303242093,0.13885443289470417,0.11547518595373463,0.16223367983567372,0.31724212209714936,0.2629980407231719,0.3714862034711268
4.86,0.0010778978626965153,-0.0001795103453429783,0.0023353060707360087,0.14089699345715004,0.11737329985475853,0.16442068705954155,0.31962163231624846,0.2653887938643293,0.37385447076816763
4.87,0.001126014981530164,-0.00018866422859672126,0.0024406941916570494,0.14296020019587868,0.1192941547379098,0.16662624565384757,0.3220127397184021,0.2677918585432692,0.376233620893535
4.88,0.0011756427921885283,-0.00019798456096648855,0.002549270145343545,0.14504401325585245,0.12123778267193563,0.16885024383976927,0.32441577528434934,0.2702077371158665,0.3786238134528322
4.89,0.0012267529777727885,-0.00020743902737129579,0.002660944982916873,0.14714838209473424,0.1232042058556588,0.17109255833380968,0.3268312763025585,0.2726371386454075,0.38102541395970946
4.9,0.0012793099186418177,-0.0002169932739849677,0.0027756131112686034,0.14927324489801186,0.12519343619510837,0.17335305360091535,0.32925984433296784,0.2750808275865644,0.3834388610793713
4.91,0.0013332708451273502,-0.00022661149514253314,0.0028931531853972335,0.15141852813864104,0.1272054749993144,0.17563158127796769,0.3317020599442042,0.27753953492056255,0.38586458496784587
4.92,0.0013885861055437446,-0.00023625710276213075,0.0030134293138496197,0.15358414627108163,0.12924031277609305,0.17792797976607022,0.3341584365417047,0.2800139113696947,0.38830296171371464
4.93,0.0014451995389644027,-0.00024589345914010274,0.003136292537068908,0.1557700015393327,0.13129792910044313,0.18024207397822228,0.3366293996358249,0.28250450747466926,0.3907542917969805
4.94,0.001503048936503838,-0.0002554846490299826,0.0032615825220376586,0.15797598386971534,0.13337829252114897,0.18257367521828172,0.339115282603018,0.2850117707868658,0.3932187944191702
4.95,0.0015620665701976527,-0.0002649962628844158,0.0033891294032797215,0.16020197081235413,0.1354813604663544,0.18492258115835386,0.3416163331639894,0.28753605400621096,0.3956966123217679
4.96,0.0016221797655517575,-0.0002743961604235192,0.003518755691527034,0.1624478274910706,0.13760707910661837,0.1872885758755228,0.34413272649246984,0.2900776297633711,0.3981878232215686
4.97,0.001683311492836152,-0.0002836551826275683,0.003650278168299872,0.16471340652006639,0.13975538313450986,0.1896714299056229,0.3466645817300345,0.292636708674613,0.400692454785456
4.98,0.0017453809534211204,-0.0002927477810611434,0.0037835096879033844,0.16699854784746246,0.14192619542317342,0.1920709002717515,0.3492119792817194,0.2952134579343535,0.40321050062908526
